customer_id,segment_name,recency,frequency,monetary,return_rate,avg_discount_pct,ticket_count,negative_ticket_rate,sessions_30d,campaign_clicks_30d,category_diversity
CUST00001,Discount Sensitive,107,6,2955.57,0.16666666666666666,0.36333333333333334,2.0,0.5,1,0,3
CUST00002,Dormant Customers,40,1,581.0,0.0,0.23,1.0,0.0,8,0,1
CUST00003,Discount Sensitive,171,1,649.98,0.0,0.47,0.0,0.0,1,0,1
CUST00004,Dormant Customers,131,1,1604.04,0.0,0.16,0.0,0.0,1,0,1
CUST00005,Discount Sensitive,38,4,2550.91,0.0,0.4425,1.0,1.0,18,1,2
CUST00006,Dormant Customers,51,5,3770.16,0.2,0.358,2.0,1.0,2,0,3
CUST00007,Dormant Customers,3,1,719.33,0.0,0.18,0.0,0.0,11,3,1
CUST00008,Dormant Customers,47,4,2747.33,0.0,0.2225,1.0,0.0,2,0,4
CUST00009,Discount Sensitive,31,1,376.85,0.0,0.49,0.0,0.0,11,0,1
CUST00010,Discount Sensitive,9,1,636.8,0.0,0.45,0.0,0.0,13,0,1
CUST00011,Dormant Customers,1,2,925.0699999999999,0.0,0.15500000000000003,0.0,0.0,10,0,2
CUST00012,Dormant Customers,50,2,2051.63,0.0,0.29500000000000004,1.0,1.0,3,0,1
CUST00013,Dormant Customers,61,3,1754.44,0.0,0.23,1.0,1.0,4,0,2
CUST00014,High Value But Unhappy,51,11,8130.16,0.0,0.2618181818181818,2.0,0.5,11,0,5
CUST00015,Dormant Customers,35,4,4200.93,0.0,0.3025,0.0,0.0,6,0,3
CUST00016,Dormant Customers,215,1,478.02,0.0,0.22,1.0,0.0,2,1,1
CUST00017,Dormant Customers,286,3,1699.1399999999999,0.0,0.26666666666666666,0.0,0.0,4,4,3
CUST00018,Discount Sensitive,111,1,329.21,0.0,0.36,0.0,0.0,3,2,1
CUST00019,Dormant Customers,9,2,1598.93,0.0,0.105,0.0,0.0,5,1,1
CUST00020,High Value But Unhappy,368,3,4487.950000000001,0.0,0.13,1.0,1.0,0,0,3
CUST00021,Discount Sensitive,77,2,1059.3,0.0,0.435,1.0,1.0,3,0,2
CUST00022,Dormant Customers,29,1,454.06,0.0,0.31,0.0,0.0,10,1,1
CUST00023,Dormant Customers,21,1,400.98,0.0,0.25,0.0,0.0,3,1,1
CUST00024,Dormant Customers,4,1,481.35,0.0,0.34,0.0,0.0,13,0,1
CUST00025,Loyal Customers,165,7,4868.86,0.0,0.31142857142857144,3.0,0.6666666666666666,11,1,4
CUST00026,Dormant Customers,72,3,3561.3900000000003,0.3333333333333333,0.16333333333333333,1.0,1.0,14,0,2
CUST00027,Dormant Customers,70,1,2128.34,1.0,0.3,1.0,1.0,11,2,1
CUST00028,Dormant Customers,83,2,1489.7800000000002,0.0,0.19,1.0,0.0,1,0,2
CUST00029,Dormant Customers,18,8,5252.9,0.0,0.23374999999999999,0.0,0.0,1,0,3
CUST00030,Dormant Customers,5,6,3435.5899999999997,0.0,0.34,2.0,1.0,11,0,5
CUST00031,Dormant Customers,49,1,672.95,0.0,0.24,0.0,0.0,6,0,1
CUST00032,Discount Sensitive,33,3,1948.75,0.0,0.3666666666666667,0.0,0.0,12,0,3
CUST00033,Discount Sensitive,12,4,2128.09,0.5,0.405,2.0,1.0,7,0,4
CUST00034,Loyal Customers,50,6,3353.01,0.0,0.26166666666666666,3.0,0.3333333333333333,7,2,3
CUST00035,Dormant Customers,127,3,1369.71,0.0,0.24333333333333332,0.0,0.0,6,0,3
CUST00036,Discount Sensitive,27,4,1737.33,0.25,0.365,1.0,1.0,0,0,4
CUST00037,Discount Sensitive,102,1,435.83,0.0,0.43,0.0,0.0,5,0,1
CUST00038,Dormant Customers,51,4,2104.61,0.0,0.355,1.0,0.0,5,0,4
CUST00039,Dormant Customers,15,3,1598.49,0.0,0.2966666666666667,0.0,0.0,6,1,3
CUST00040,Discount Sensitive,154,1,634.73,0.0,0.38,1.0,0.0,1,0,1
CUST00041,Dormant Customers,54,4,1911.8600000000001,0.0,0.3475,1.0,1.0,5,2,3
CUST00042,Loyal Customers,87,9,7523.74,0.2222222222222222,0.21888888888888888,6.0,0.8333333333333334,3,2,5
CUST00043,Discount Sensitive,24,1,363.01,0.0,0.43,0.0,0.0,3,0,1
CUST00044,Discount Sensitive,72,3,2724.09,0.0,0.38666666666666666,1.0,1.0,6,2,2
CUST00045,Dormant Customers,96,1,413.75,0.0,0.33,0.0,0.0,6,1,1
CUST00046,Dormant Customers,127,1,489.87,0.0,0.13,0.0,0.0,7,0,1
CUST00047,Dormant Customers,204,1,764.43,0.0,0.16,0.0,0.0,2,1,1
CUST00048,Dormant Customers,61,4,2450.45,0.25,0.3125,1.0,1.0,12,0,3
CUST00049,Discount Sensitive,8,1,380.83,0.0,0.47,0.0,0.0,4,1,1
CUST00050,Dormant Customers,0,3,2466.39,0.3333333333333333,0.3333333333333333,1.0,1.0,3,1,3
CUST00051,High Value But Unhappy,210,4,4444.3,0.0,0.3525,2.0,1.0,6,2,3
CUST00052,Dormant Customers,55,3,2807.14,0.3333333333333333,0.21,1.0,1.0,7,0,2
CUST00053,High Value But Unhappy,25,4,4192.59,0.0,0.395,2.0,1.0,9,1,3
CUST00054,Dormant Customers,6,1,489.85,0.0,0.25,0.0,0.0,3,0,1
CUST00055,Dormant Customers,3,3,1308.35,0.0,0.24666666666666667,1.0,1.0,6,2,2
CUST00056,Dormant Customers,9,4,3530.41,0.0,0.28500000000000003,1.0,1.0,3,0,3
CUST00057,Dormant Customers,136,2,2510.83,0.0,0.245,0.0,0.0,7,1,2
CUST00058,Dormant Customers,42,4,2451.54,0.0,0.23249999999999998,0.0,0.0,2,4,3
CUST00059,Dormant Customers,2,3,2852.63,0.0,0.32666666666666666,0.0,0.0,3,0,2
CUST00060,Discount Sensitive,145,1,293.22,0.0,0.36,0.0,0.0,5,0,1
CUST00061,Discount Sensitive,14,4,1966.0900000000001,0.0,0.41,1.0,1.0,4,1,4
CUST00062,Dormant Customers,21,4,2805.19,0.0,0.2525,1.0,1.0,9,1,3
CUST00063,Dormant Customers,216,1,397.69,0.0,0.22,1.0,1.0,0,0,1
CUST00064,Discount Sensitive,2,1,654.93,0.0,0.43,0.0,0.0,8,0,1
CUST00065,Dormant Customers,6,1,1911.67,0.0,0.0,0.0,0.0,3,2,1
CUST00066,Loyal Customers,320,5,4598.95,0.0,0.292,1.0,1.0,11,1,5
CUST00067,Dormant Customers,63,2,1246.44,0.5,0.19999999999999998,1.0,1.0,1,2,2
CUST00068,Dormant Customers,346,3,2123.66,0.3333333333333333,0.24333333333333332,1.0,1.0,5,1,3
CUST00069,Dormant Customers,29,2,874.47,0.0,0.225,0.0,0.0,9,1,2
CUST00070,Dormant Customers,38,1,542.98,0.0,0.34,0.0,0.0,1,0,1
CUST00071,Dormant Customers,32,1,2062.5,0.0,0.08,1.0,1.0,1,2,1
CUST00072,Dormant Customers,90,4,2587.02,0.0,0.1925,0.0,0.0,7,1,3
CUST00073,Loyal Customers,8,5,4077.07,0.0,0.154,0.0,0.0,7,1,3
CUST00074,Discount Sensitive,7,4,2523.65,0.25,0.39,1.0,1.0,14,1,4
CUST00075,Champions,3,9,6791.61,0.0,0.3011111111111111,4.0,1.0,10,0,5
CUST00076,Dormant Customers,20,2,1385.27,0.0,0.22000000000000003,0.0,0.0,17,0,1
CUST00077,Discount Sensitive,109,1,394.32,0.0,0.36,0.0,0.0,0,0,1
CUST00078,Discount Sensitive,139,1,894.45,1.0,0.42,1.0,1.0,5,0,1
CUST00079,Dormant Customers,191,1,619.57,0.0,0.05,0.0,0.0,2,0,1
CUST00080,Dormant Customers,50,3,2563.41,0.0,0.18999999999999997,0.0,0.0,11,0,3
CUST00081,Champions,19,8,5311.16,0.25,0.16,3.0,1.0,12,0,4
CUST00082,Dormant Customers,254,3,1671.25,0.0,0.17,0.0,0.0,7,3,2
CUST00083,Dormant Customers,89,2,806.87,0.5,0.33499999999999996,1.0,1.0,9,0,1
CUST00084,Dormant Customers,167,1,1273.18,0.0,0.12,0.0,0.0,11,1,1
CUST00085,Dormant Customers,14,1,1257.8,0.0,0.2,0.0,0.0,8,0,1
CUST00086,Loyal Customers,21,5,2195.41,0.0,0.266,1.0,1.0,7,2,1
CUST00087,Discount Sensitive,44,1,933.58,0.0,0.38,0.0,0.0,1,0,1
CUST00088,High Value But Unhappy,98,12,6774.5,0.0,0.365,1.0,1.0,9,0,5
CUST00089,Dormant Customers,165,2,2825.75,0.0,0.25,0.0,0.0,12,3,2
CUST00090,Discount Sensitive,80,4,1966.31,0.0,0.375,1.0,1.0,5,0,3
CUST00091,Dormant Customers,90,4,3726.87,0.0,0.16499999999999998,1.0,0.0,9,0,3
CUST00092,Dormant Customers,21,1,430.85,0.0,0.26,0.0,0.0,1,0,1
CUST00093,Dormant Customers,85,1,759.64,0.0,0.12,0.0,0.0,16,4,1
CUST00094,Dormant Customers,183,4,3557.43,0.0,0.1975,2.0,1.0,6,1,3
CUST00095,Discount Sensitive,65,1,372.65,0.0,0.41,1.0,1.0,10,1,1
CUST00096,Discount Sensitive,61,3,1563.75,0.3333333333333333,0.37666666666666665,1.0,1.0,12,0,3
CUST00097,High Value But Unhappy,1,7,4703.46,0.14285714285714285,0.3685714285714286,2.0,0.5,0,0,4
CUST00098,Dormant Customers,184,2,1843.57,0.0,0.195,1.0,1.0,8,0,2
CUST00099,Loyal Customers,144,5,3410.87,0.0,0.192,1.0,1.0,4,2,4
CUST00100,Dormant Customers,70,1,372.37,0.0,0.29,0.0,0.0,1,0,1
CUST00101,Dormant Customers,108,5,3514.87,0.0,0.274,2.0,1.0,2,0,5
CUST00102,Dormant Customers,83,1,732.65,0.0,0.16,0.0,0.0,2,0,1
CUST00103,Dormant Customers,21,1,1469.96,0.0,0.08,0.0,0.0,6,1,1
CUST00104,Dormant Customers,93,1,955.63,0.0,0.31,0.0,0.0,3,0,1
CUST00105,Dormant Customers,46,1,2052.43,0.0,0.18,0.0,0.0,1,0,1
CUST00106,High Value But Unhappy,61,7,4352.11,0.0,0.2814285714285714,1.0,1.0,5,0,4
CUST00107,Dormant Customers,12,3,3548.15,0.0,0.11333333333333334,0.0,0.0,2,0,2
CUST00108,Dormant Customers,44,1,1074.5,1.0,0.22,1.0,1.0,5,0,1
CUST00109,Loyal Customers,92,5,3837.05,0.0,0.332,0.0,0.0,1,1,3
CUST00110,Dormant Customers,35,6,3922.07,0.0,0.26333333333333336,2.0,1.0,4,0,4
CUST00111,Dormant Customers,178,1,1135.09,0.0,0.23,0.0,0.0,3,0,1
CUST00112,High Value But Unhappy,0,8,5576.25,0.125,0.23875,1.0,1.0,4,0,4
CUST00113,Discount Sensitive,28,2,1601.31,0.0,0.385,0.0,0.0,17,0,2
CUST00114,Loyal Customers,239,6,5133.53,0.0,0.265,1.0,1.0,3,1,4
CUST00115,Dormant Customers,159,1,596.54,0.0,0.14,1.0,1.0,12,2,1
CUST00116,Loyal Customers,143,6,5635.9,0.0,0.18666666666666668,0.0,0.0,10,2,5
CUST00117,Dormant Customers,123,4,2534.33,0.0,0.16499999999999998,0.0,0.0,2,0,4
CUST00118,Dormant Customers,27,1,689.56,0.0,0.18,0.0,0.0,2,0,1
CUST00119,Dormant Customers,69,3,2848.36,0.0,0.3466666666666667,1.0,1.0,12,0,1
CUST00120,Dormant Customers,26,1,261.95,0.0,0.27,0.0,0.0,6,0,1
CUST00121,Dormant Customers,27,2,2496.0299999999997,0.0,0.19,0.0,0.0,5,1,1
CUST00122,Discount Sensitive,106,2,2048.93,0.0,0.36,0.0,0.0,10,4,2
CUST00123,Dormant Customers,102,6,2989.07,0.16666666666666666,0.34833333333333333,3.0,1.0,2,0,3
CUST00124,Dormant Customers,194,4,2570.5,0.0,0.3375,0.0,0.0,5,0,2
CUST00125,Discount Sensitive,8,2,1698.4,0.0,0.395,0.0,0.0,0,1,2
CUST00126,Discount Sensitive,57,2,1260.02,0.0,0.43,0.0,0.0,5,0,1
CUST00127,Dormant Customers,24,2,729.55,0.0,0.29500000000000004,0.0,0.0,3,0,1
CUST00128,Discount Sensitive,19,2,1716.68,0.0,0.42000000000000004,0.0,0.0,15,0,1
CUST00129,Dormant Customers,83,3,3369.08,0.3333333333333333,0.3133333333333333,2.0,0.0,7,0,2
CUST00130,Discount Sensitive,88,1,1272.47,0.0,0.48,0.0,0.0,9,0,1
CUST00131,Dormant Customers,67,6,6830.01,0.0,0.29,0.0,0.0,4,0,3
CUST00132,Dormant Customers,117,5,4876.780000000001,0.0,0.346,0.0,0.0,1,0,3
CUST00133,Loyal Customers,54,8,5982.58,0.0,0.3,1.0,1.0,5,1,4
CUST00134,High Value But Unhappy,35,5,4075.34,0.2,0.292,3.0,0.6666666666666666,11,0,3
CUST00135,Dormant Customers,333,4,2534.18,0.0,0.29000000000000004,0.0,0.0,3,1,3
CUST00136,Dormant Customers,71,1,514.9,0.0,0.3,0.0,0.0,7,0,1
CUST00137,Dormant Customers,177,2,1035.87,0.0,0.315,0.0,0.0,4,0,2
CUST00138,Discount Sensitive,61,1,905.11,0.0,0.46,0.0,0.0,5,1,1
CUST00139,Dormant Customers,28,2,1715.4,0.0,0.295,2.0,1.0,5,0,2
CUST00140,Dormant Customers,6,4,3768.34,0.0,0.28250000000000003,2.0,1.0,14,0,3
CUST00141,Dormant Customers,28,1,647.85,0.0,0.23,0.0,0.0,4,1,1
CUST00142,Discount Sensitive,169,5,1880.0,0.0,0.4,0.0,0.0,2,0,4
CUST00143,Loyal Customers,32,6,7407.96,0.0,0.17333333333333334,0.0,0.0,5,1,4
CUST00144,Loyal Customers,86,9,6186.54,0.1111111111111111,0.31555555555555553,3.0,0.6666666666666666,8,2,5
CUST00145,Dormant Customers,30,1,502.35,0.0,0.11,0.0,0.0,0,0,1
CUST00146,Loyal Customers,108,5,5942.68,0.2,0.188,1.0,1.0,4,1,5
CUST00147,Dormant Customers,84,3,2809.3199999999997,0.0,0.18333333333333335,1.0,0.0,1,0,2
CUST00148,Dormant Customers,4,4,3013.01,0.0,0.23249999999999998,1.0,1.0,5,1,3
CUST00149,Dormant Customers,8,1,787.94,0.0,0.2,0.0,0.0,8,0,1
CUST00150,Discount Sensitive,45,3,1355.63,0.0,0.39666666666666667,0.0,0.0,6,2,3
CUST00151,High Value But Unhappy,62,7,5530.69,0.0,0.30428571428571427,3.0,1.0,7,0,5
CUST00152,Loyal Customers,46,7,4989.280000000001,0.14285714285714285,0.3742857142857143,4.0,1.0,19,3,3
CUST00153,Discount Sensitive,3,1,977.12,0.0,0.37,0.0,0.0,6,0,1
CUST00154,Dormant Customers,10,8,7145.24,0.0,0.23375,0.0,0.0,8,0,4
CUST00155,Discount Sensitive,2,3,2024.8,0.0,0.39666666666666667,0.0,0.0,6,0,2
CUST00156,High Value But Unhappy,34,2,4241.75,0.5,0.14500000000000002,1.0,0.0,14,0,1
CUST00157,Loyal Customers,0,5,2269.91,0.0,0.238,1.0,1.0,3,1,3
CUST00158,Dormant Customers,155,1,812.34,0.0,0.25,0.0,0.0,8,1,1
CUST00159,Dormant Customers,474,2,3713.77,0.0,0.27,0.0,0.0,0,0,2
CUST00160,Dormant Customers,177,2,1064.66,0.0,0.28500000000000003,1.0,1.0,4,0,2
CUST00161,Dormant Customers,20,4,4490.9,0.0,0.2625,0.0,0.0,7,1,3
CUST00162,Dormant Customers,91,2,1194.5900000000001,0.0,0.29000000000000004,0.0,0.0,2,0,1
CUST00163,Discount Sensitive,70,1,275.41,0.0,0.37,0.0,0.0,3,2,1
CUST00164,High Value But Unhappy,222,5,4657.03,0.0,0.24,1.0,1.0,1,0,4
CUST00165,Dormant Customers,103,3,1825.77,0.0,0.31,0.0,0.0,2,0,1
CUST00166,Discount Sensitive,15,1,1269.41,0.0,0.37,1.0,0.0,1,0,1
CUST00167,Dormant Customers,219,1,423.24,0.0,0.24,0.0,0.0,0,1,1
CUST00168,Dormant Customers,85,4,4159.16,0.0,0.1625,0.0,0.0,2,0,3
CUST00169,Dormant Customers,222,1,1799.45,0.0,0.12,0.0,0.0,1,0,1
CUST00170,High Value But Unhappy,9,10,6759.48,0.0,0.27,1.0,1.0,5,0,3
CUST00171,Discount Sensitive,12,1,1077.78,0.0,0.38,0.0,0.0,9,0,1
CUST00172,Loyal Customers,8,7,4910.65,0.0,0.36428571428571427,3.0,0.6666666666666666,5,2,4
CUST00173,Discount Sensitive,79,5,1431.69,0.0,0.384,1.0,1.0,10,0,2
CUST00174,Dormant Customers,86,6,2361.28,0.16666666666666666,0.31166666666666665,2.0,0.5,14,0,4
CUST00175,Dormant Customers,59,4,3568.3199999999997,0.0,0.225,1.0,1.0,5,0,3
CUST00176,Dormant Customers,37,3,3830.31,0.0,0.3433333333333333,0.0,0.0,12,0,3
CUST00177,Discount Sensitive,82,2,1003.66,0.0,0.45999999999999996,0.0,0.0,12,0,1
CUST00178,Champions,5,8,5602.76,0.25,0.27625,4.0,1.0,10,0,6
CUST00179,Discount Sensitive,38,3,1585.62,0.0,0.44333333333333336,2.0,0.5,11,2,2
CUST00180,Dormant Customers,96,2,1570.85,0.5,0.26,1.0,1.0,9,0,1
CUST00181,Dormant Customers,6,1,1107.73,0.0,0.0,0.0,0.0,7,1,1
CUST00182,Dormant Customers,31,1,305.3,0.0,0.31,0.0,0.0,12,0,1
CUST00183,Dormant Customers,152,3,3246.8900000000003,0.0,0.25,1.0,1.0,1,1,3
CUST00184,High Value But Unhappy,14,5,5072.85,0.0,0.27199999999999996,2.0,0.5,6,0,3
CUST00185,Loyal Customers,114,7,4179.18,0.0,0.33428571428571424,0.0,0.0,11,1,5
CUST00186,Dormant Customers,41,1,714.65,0.0,0.33,1.0,1.0,2,0,1
CUST00187,Discount Sensitive,149,3,1344.75,0.0,0.5099999999999999,1.0,1.0,0,1,3
CUST00188,High Value But Unhappy,29,7,5810.17,0.14285714285714285,0.3085714285714286,3.0,1.0,11,0,4
CUST00189,High Value But Unhappy,140,9,5900.65,0.1111111111111111,0.23333333333333334,3.0,0.6666666666666666,10,0,5
CUST00190,Dormant Customers,6,1,482.88,0.0,0.13,1.0,1.0,6,0,1
CUST00191,Dormant Customers,28,1,149.0,0.0,0.34,0.0,0.0,6,0,1
CUST00192,Dormant Customers,55,3,2263.95,0.0,0.28,0.0,0.0,8,1,3
CUST00193,Dormant Customers,157,1,424.74,0.0,0.21,0.0,0.0,3,2,1
CUST00194,Loyal Customers,80,5,3878.09,0.4,0.36,3.0,1.0,13,3,3
CUST00195,Dormant Customers,23,1,654.27,0.0,0.17,1.0,1.0,5,0,1
CUST00196,Dormant Customers,24,2,1272.38,0.0,0.28,1.0,1.0,1,0,2
CUST00197,Champions,15,9,8552.59,0.0,0.30444444444444446,3.0,1.0,11,0,6
CUST00198,Loyal Customers,37,9,7595.96,0.0,0.28444444444444444,2.0,1.0,1,1,4
CUST00199,Dormant Customers,6,4,3273.56,0.0,0.22749999999999998,1.0,1.0,3,0,4
CUST00200,Loyal Customers,15,6,6239.45,0.0,0.17166666666666666,1.0,1.0,7,4,4
CUST00201,High Value But Unhappy,93,7,6691.56,0.0,0.23857142857142857,2.0,0.5,3,0,5
CUST00202,Dormant Customers,141,1,1220.26,0.0,0.33,0.0,0.0,9,1,1
CUST00203,Discount Sensitive,114,2,743.3499999999999,0.0,0.39,0.0,0.0,6,0,2
CUST00204,Dormant Customers,42,5,2706.75,0.0,0.284,0.0,0.0,17,0,3
CUST00205,Dormant Customers,30,5,3202.69,0.0,0.23399999999999999,0.0,0.0,13,0,4
CUST00206,Loyal Customers,118,10,6479.7,0.1,0.265,3.0,1.0,7,2,4
CUST00207,Discount Sensitive,18,1,193.1,0.0,0.62,0.0,0.0,11,2,1
CUST00208,Loyal Customers,91,6,6865.35,0.0,0.20000000000000004,1.0,1.0,2,1,4
CUST00209,Dormant Customers,279,5,3422.88,0.2,0.192,1.0,1.0,3,0,3
CUST00210,Dormant Customers,128,2,1254.8700000000001,0.0,0.27,0.0,0.0,3,0,2
CUST00211,High Value But Unhappy,90,5,27215.920000000002,0.0,0.324,1.0,1.0,4,0,3
CUST00212,Dormant Customers,204,3,2071.6800000000003,0.0,0.32666666666666666,0.0,0.0,3,1,3
CUST00213,Dormant Customers,86,2,1680.61,1.0,0.2,2.0,1.0,2,0,2
CUST00214,Dormant Customers,64,1,1427.16,0.0,0.22,0.0,0.0,3,0,1
CUST00215,Dormant Customers,34,3,1564.1,0.0,0.19666666666666666,1.0,1.0,8,2,2
CUST00216,Dormant Customers,48,1,1349.42,1.0,0.27,1.0,1.0,7,0,1
CUST00217,Dormant Customers,79,3,1179.94,0.0,0.35333333333333333,0.0,0.0,2,0,2
CUST00218,Dormant Customers,23,2,1492.68,0.0,0.13,0.0,0.0,1,0,1
CUST00219,Loyal Customers,154,6,2782.79,0.0,0.36166666666666664,1.0,1.0,3,1,3
CUST00220,Dormant Customers,25,3,1450.4099999999999,0.0,0.21666666666666667,1.0,0.0,14,2,3
CUST00221,Dormant Customers,7,2,781.03,0.0,0.345,0.0,0.0,16,2,2
CUST00222,Discount Sensitive,186,2,1259.5,0.0,0.45,1.0,1.0,1,0,1
CUST00223,Discount Sensitive,103,1,757.58,0.0,0.53,1.0,1.0,1,0,1
CUST00224,Dormant Customers,89,2,1839.95,0.5,0.32,1.0,1.0,1,1,2
CUST00225,Dormant Customers,88,3,3012.6,0.0,0.32,0.0,0.0,3,0,3
CUST00226,Dormant Customers,54,3,2345.42,0.3333333333333333,0.15666666666666668,1.0,1.0,6,0,1
CUST00227,High Value But Unhappy,153,6,4383.02,0.16666666666666666,0.2816666666666667,2.0,1.0,0,0,3
CUST00228,Loyal Customers,82,7,4150.72,0.14285714285714285,0.33428571428571424,2.0,1.0,6,2,4
CUST00229,Dormant Customers,92,5,3077.41,0.0,0.304,1.0,0.0,8,0,4
CUST00230,Loyal Customers,37,8,7503.74,0.0,0.2175,2.0,0.0,17,1,4
CUST00231,Dormant Customers,23,3,1558.41,0.0,0.19333333333333333,0.0,0.0,6,0,1
CUST00232,Dormant Customers,55,1,786.26,0.0,0.33,0.0,0.0,2,0,1
CUST00233,Dormant Customers,361,3,1626.9899999999998,0.0,0.2866666666666667,0.0,0.0,5,1,3
CUST00234,Dormant Customers,17,4,2458.9700000000003,0.0,0.195,0.0,0.0,6,0,3
CUST00235,Dormant Customers,125,4,2278.82,0.0,0.225,0.0,0.0,2,0,3
CUST00236,Discount Sensitive,62,1,782.89,0.0,0.37,1.0,0.0,8,0,1
CUST00237,Dormant Customers,15,4,3607.29,0.0,0.2525,0.0,0.0,8,1,2
CUST00238,Dormant Customers,78,2,2181.78,0.0,0.185,2.0,0.5,1,0,1
CUST00239,Discount Sensitive,320,1,208.1,0.0,0.51,0.0,0.0,4,0,1
CUST00240,Dormant Customers,56,2,2277.31,0.0,0.18,1.0,1.0,4,0,2
CUST00241,Discount Sensitive,6,3,3041.48,0.0,0.38999999999999996,0.0,0.0,12,1,3
CUST00242,Loyal Customers,82,6,3655.25,0.0,0.29833333333333334,0.0,0.0,11,5,3
CUST00243,Discount Sensitive,69,4,3129.06,0.25,0.395,1.0,0.0,3,0,1
CUST00244,Dormant Customers,144,2,2449.86,0.0,0.22499999999999998,0.0,0.0,1,0,1
CUST00245,Discount Sensitive,73,2,1245.78,0.0,0.36,0.0,0.0,6,4,2
CUST00246,Dormant Customers,52,3,1985.72,0.0,0.25,1.0,1.0,6,1,3
CUST00247,Loyal Customers,57,11,5611.35,0.0,0.41363636363636364,3.0,1.0,5,2,4
CUST00248,Dormant Customers,71,7,4187.5599999999995,0.0,0.3171428571428571,0.0,0.0,2,0,6
CUST00249,Discount Sensitive,162,3,1761.46,0.0,0.4066666666666667,0.0,0.0,5,1,2
CUST00250,Dormant Customers,35,1,837.19,0.0,0.3,0.0,0.0,6,0,1
CUST00251,Discount Sensitive,41,1,966.73,1.0,0.37,1.0,1.0,14,0,1
CUST00252,Loyal Customers,190,6,5194.02,0.0,0.3216666666666667,0.0,0.0,4,2,3
CUST00253,Dormant Customers,191,3,1901.1299999999999,0.0,0.19999999999999998,0.0,0.0,3,1,3
CUST00254,Dormant Customers,183,4,3041.57,0.0,0.33999999999999997,0.0,0.0,4,1,2
CUST00255,Loyal Customers,22,6,4806.29,0.16666666666666666,0.19833333333333333,2.0,1.0,10,1,5
CUST00256,Dormant Customers,181,2,1727.8400000000001,0.0,0.105,1.0,0.0,1,0,2
CUST00257,Dormant Customers,55,2,1042.47,0.0,0.3,0.0,0.0,7,0,2
CUST00258,High Value But Unhappy,42,10,6259.64,0.0,0.27199999999999996,1.0,1.0,7,0,4
CUST00259,Dormant Customers,192,1,1519.33,0.0,0.32,0.0,0.0,0,0,1
CUST00260,Discount Sensitive,2,2,1820.81,0.0,0.395,0.0,0.0,7,0,1
CUST00261,Discount Sensitive,51,1,350.44,0.0,0.44,0.0,0.0,0,0,1
CUST00262,Dormant Customers,9,2,1318.44,0.0,0.12,0.0,0.0,5,0,2
CUST00263,Loyal Customers,25,12,7940.0,0.25,0.3475,6.0,1.0,15,2,4
CUST00264,Dormant Customers,31,2,671.0999999999999,0.0,0.31,1.0,1.0,7,1,2
CUST00265,Discount Sensitive,77,1,510.24,0.0,0.38,0.0,0.0,7,0,1
CUST00266,High Value But Unhappy,158,4,5306.62,0.25,0.255,2.0,1.0,1,0,2
CUST00267,Dormant Customers,29,4,4026.2300000000005,0.25,0.25,2.0,1.0,8,0,2
CUST00268,Discount Sensitive,9,3,2097.02,0.0,0.4166666666666667,1.0,1.0,6,1,3
CUST00269,Dormant Customers,30,3,2563.9300000000003,0.0,0.33,1.0,1.0,11,1,3
CUST00270,Dormant Customers,75,2,968.72,0.0,0.24000000000000002,0.0,0.0,8,2,2
CUST00271,Dormant Customers,32,4,3933.98,0.0,0.20750000000000002,0.0,0.0,1,0,2
CUST00272,Dormant Customers,12,13,13721.27,0.0,0.22307692307692306,0.0,0.0,7,0,4
CUST00273,Loyal Customers,13,8,6009.55,0.125,0.1925,4.0,1.0,7,1,3
CUST00274,Discount Sensitive,71,1,695.0,0.0,0.36,0.0,0.0,1,0,1
CUST00275,Loyal Customers,241,6,3879.21,0.0,0.22,1.0,0.0,5,1,3
CUST00276,Loyal Customers,47,6,8721.42,0.0,0.22,0.0,0.0,9,1,3
CUST00277,Dormant Customers,2,3,1630.27,0.0,0.24666666666666667,0.0,0.0,2,0,3
CUST00278,Dormant Customers,69,4,2768.06,0.0,0.265,2.0,0.5,7,0,2
CUST00279,Champions,12,8,5366.55,0.0,0.34875,1.0,1.0,9,2,4
CUST00280,Dormant Customers,10,8,7231.759999999999,0.0,0.26875,0.0,0.0,6,0,5
CUST00281,Dormant Customers,35,2,1161.06,0.0,0.335,0.0,0.0,3,0,2
CUST00282,Dormant Customers,296,2,774.76,0.0,0.33999999999999997,1.0,0.0,1,0,1
CUST00283,High Value But Unhappy,18,10,7871.0,0.2,0.327,4.0,0.75,8,0,5
CUST00284,Dormant Customers,291,2,781.62,0.0,0.345,0.0,0.0,1,1,1
CUST00285,Dormant Customers,13,4,2158.18,0.0,0.3175,0.0,0.0,10,0,1
CUST00286,Discount Sensitive,369,2,2027.25,0.0,0.395,1.0,1.0,1,1,2
CUST00287,Loyal Customers,69,6,6236.95,0.0,0.2866666666666667,1.0,0.0,8,1,5
CUST00288,Dormant Customers,110,2,1096.1,0.0,0.255,1.0,1.0,1,0,1
CUST00289,Discount Sensitive,5,2,811.06,0.0,0.36,0.0,0.0,5,0,2
CUST00290,Dormant Customers,9,1,251.16,0.0,0.34,1.0,1.0,6,0,1
CUST00291,Loyal Customers,58,9,5604.34,0.2222222222222222,0.33555555555555555,3.0,1.0,4,1,5
CUST00292,Dormant Customers,43,1,657.91,1.0,0.08,1.0,0.0,6,2,1
CUST00293,Dormant Customers,230,3,1699.71,0.0,0.3233333333333333,0.0,0.0,3,0,3
CUST00294,Dormant Customers,102,1,1714.42,0.0,0.12,0.0,0.0,15,6,1
CUST00295,Discount Sensitive,16,2,2000.29,0.0,0.53,0.0,0.0,2,0,1
CUST00296,Dormant Customers,132,4,1989.83,0.0,0.195,0.0,0.0,2,0,4
CUST00297,Dormant Customers,154,1,1130.29,0.0,0.16,1.0,1.0,13,2,1
CUST00298,Dormant Customers,201,1,1122.99,0.0,0.2,0.0,0.0,6,2,1
CUST00299,Discount Sensitive,343,4,2302.1800000000003,0.25,0.4175,2.0,1.0,0,0,3
CUST00300,Discount Sensitive,5,4,2276.6099999999997,0.0,0.3725,0.0,0.0,5,0,2
CUST00301,High Value But Unhappy,9,7,7023.07,0.0,0.18285714285714286,3.0,1.0,7,0,3
CUST00302,Discount Sensitive,148,4,2534.0,0.25,0.3975,3.0,1.0,4,2,3
CUST00303,Loyal Customers,48,5,3674.2,0.2,0.21200000000000002,2.0,1.0,6,1,4
CUST00304,Dormant Customers,87,3,2837.27,0.0,0.23666666666666666,1.0,1.0,4,3,2
CUST00305,Dormant Customers,166,1,531.59,0.0,0.19,0.0,0.0,6,0,1
CUST00306,Loyal Customers,19,5,3658.35,0.2,0.21000000000000002,2.0,0.5,2,2,2
CUST00307,Discount Sensitive,32,3,2114.17,0.3333333333333333,0.42333333333333334,1.0,1.0,0,0,3
CUST00308,Dormant Customers,66,2,1535.15,0.0,0.26,0.0,0.0,7,1,1
CUST00309,Discount Sensitive,8,3,2731.6099999999997,0.0,0.3666666666666667,0.0,0.0,13,1,3
CUST00310,Dormant Customers,22,1,578.27,1.0,0.2,1.0,1.0,5,0,1
CUST00311,Dormant Customers,48,1,1336.82,0.0,0.1,0.0,0.0,4,0,1
CUST00312,Dormant Customers,64,1,486.27,0.0,0.2,0.0,0.0,9,0,1
CUST00313,Dormant Customers,162,1,769.77,0.0,0.33,1.0,1.0,16,0,1
CUST00314,Dormant Customers,16,1,560.98,0.0,0.29,0.0,0.0,0,0,1
CUST00315,Champions,17,10,10137.960000000001,0.0,0.337,2.0,1.0,11,4,5
CUST00316,Dormant Customers,97,2,1079.82,0.5,0.32,1.0,0.0,1,2,2
CUST00317,Dormant Customers,100,1,1353.24,0.0,0.19,0.0,0.0,8,0,1
CUST00318,Dormant Customers,47,5,5959.01,0.0,0.244,1.0,0.0,2,0,3
CUST00319,Dormant Customers,147,6,2585.4700000000003,0.0,0.32666666666666666,0.0,0.0,0,0,4
CUST00320,Loyal Customers,25,7,5001.34,0.0,0.32285714285714284,1.0,1.0,10,1,6
CUST00321,Loyal Customers,116,6,3100.54,0.0,0.3133333333333333,2.0,1.0,1,2,6
CUST00322,Discount Sensitive,4,5,3351.86,0.0,0.384,0.0,0.0,5,0,2
CUST00323,Dormant Customers,5,8,7225.06,0.0,0.32875,0.0,0.0,6,0,4
CUST00324,High Value But Unhappy,274,4,6039.5599999999995,0.25,0.1925,2.0,1.0,0,0,3
CUST00325,Dormant Customers,44,3,3542.89,0.0,0.24,0.0,0.0,6,1,2
CUST00326,Dormant Customers,124,3,1868.65,0.0,0.23666666666666666,1.0,0.0,7,3,3
CUST00327,Dormant Customers,2,3,1087.67,0.0,0.3133333333333333,0.0,0.0,7,1,3
CUST00328,Dormant Customers,322,1,371.68,0.0,0.32,0.0,0.0,2,0,1
CUST00329,Dormant Customers,1,1,299.28,0.0,0.06,0.0,0.0,1,0,1
CUST00330,Dormant Customers,74,3,1307.8000000000002,0.0,0.33,1.0,0.0,1,0,2
CUST00331,Discount Sensitive,151,5,3450.66,0.2,0.422,2.0,1.0,1,0,2
CUST00332,Discount Sensitive,24,2,2059.8,0.5,0.375,2.0,1.0,0,0,1
CUST00333,Dormant Customers,75,1,870.15,0.0,0.07,0.0,0.0,3,0,1
CUST00334,Dormant Customers,85,3,2170.31,0.3333333333333333,0.35666666666666663,1.0,1.0,2,0,1
CUST00335,Discount Sensitive,148,3,2480.1,0.0,0.38999999999999996,2.0,1.0,7,1,2
CUST00336,Dormant Customers,29,4,1900.82,0.0,0.2225,0.0,0.0,5,0,2
CUST00337,Discount Sensitive,7,2,1887.73,0.0,0.385,1.0,0.0,2,0,2
CUST00338,Dormant Customers,12,1,887.38,1.0,0.27,1.0,1.0,6,0,1
CUST00339,Dormant Customers,92,4,2671.88,0.25,0.3125,1.0,1.0,13,0,3
CUST00340,Loyal Customers,46,8,5565.53,0.125,0.17875,1.0,1.0,8,1,4
CUST00341,Discount Sensitive,19,1,790.16,0.0,0.46,0.0,0.0,11,0,1
CUST00342,Discount Sensitive,1,3,2620.58,0.0,0.4166666666666667,1.0,1.0,9,0,2
CUST00343,Loyal Customers,94,5,2489.52,0.0,0.248,0.0,0.0,7,1,2
CUST00344,High Value But Unhappy,189,5,4461.57,0.0,0.17200000000000001,4.0,1.0,5,0,5
CUST00345,Champions,3,5,5510.36,0.0,0.154,1.0,1.0,15,0,2
CUST00346,Loyal Customers,72,11,10011.3,0.18181818181818182,0.25363636363636366,2.0,1.0,13,1,4
CUST00347,Discount Sensitive,184,4,3311.46,0.0,0.3825,1.0,0.0,8,1,3
CUST00348,Dormant Customers,1,3,2509.74,0.0,0.25666666666666665,0.0,0.0,14,2,3
CUST00349,Dormant Customers,74,4,3794.38,0.0,0.2475,0.0,0.0,2,0,3
CUST00350,Dormant Customers,41,1,537.51,0.0,0.12,0.0,0.0,18,0,1
CUST00351,High Value But Unhappy,9,7,7447.2,0.14285714285714285,0.21,3.0,1.0,4,0,4
CUST00352,Dormant Customers,27,1,1000.77,0.0,0.12,0.0,0.0,13,1,1
CUST00353,Dormant Customers,118,4,1755.1200000000001,0.0,0.25,1.0,1.0,4,1,2
CUST00354,Loyal Customers,36,5,2894.64,0.0,0.22199999999999998,1.0,1.0,4,1,3
CUST00355,Dormant Customers,171,4,3405.2,0.0,0.1175,2.0,1.0,4,2,3
CUST00356,Loyal Customers,7,5,2474.34,0.0,0.242,2.0,1.0,10,1,4
CUST00357,Dormant Customers,42,1,513.15,0.0,0.29,1.0,1.0,9,1,1
CUST00358,Dormant Customers,101,2,1523.3600000000001,0.0,0.33499999999999996,1.0,1.0,4,0,2
CUST00359,Dormant Customers,3,8,6332.549999999999,0.0,0.25,0.0,0.0,0,0,3
CUST00360,Dormant Customers,2,6,8052.9800000000005,0.0,0.165,0.0,0.0,1,0,3
CUST00361,Dormant Customers,169,1,361.04,1.0,0.12,1.0,1.0,3,1,1
CUST00362,Dormant Customers,23,4,2137.19,0.0,0.31,1.0,1.0,12,0,3
CUST00363,Dormant Customers,27,1,413.99,0.0,0.32,1.0,1.0,2,0,1
CUST00364,Dormant Customers,359,3,2049.88,0.0,0.24666666666666667,2.0,0.5,0,0,3
CUST00365,Dormant Customers,158,1,1015.06,0.0,0.21,0.0,0.0,7,0,1
CUST00366,High Value But Unhappy,92,4,5279.17,0.0,0.185,1.0,1.0,2,0,2
CUST00367,Dormant Customers,212,1,884.81,0.0,0.14,0.0,0.0,1,1,1
CUST00368,Dormant Customers,55,1,348.81,1.0,0.25,1.0,1.0,7,0,1
CUST00369,Dormant Customers,71,3,2263.62,0.0,0.25333333333333335,0.0,0.0,7,1,3
CUST00370,Discount Sensitive,172,1,452.14,0.0,0.42,0.0,0.0,8,1,1
CUST00371,Dormant Customers,124,3,2631.54,0.0,0.16666666666666666,1.0,0.0,4,0,2
CUST00372,Discount Sensitive,56,1,431.11,0.0,0.38,1.0,0.0,2,0,1
CUST00373,Dormant Customers,73,2,1612.8899999999999,0.0,0.3,0.0,0.0,9,1,2
CUST00374,Dormant Customers,219,2,795.8299999999999,0.0,0.345,1.0,1.0,0,3,2
CUST00375,Dormant Customers,85,6,3564.29,0.0,0.32833333333333337,1.0,1.0,2,0,5
CUST00376,Dormant Customers,45,8,5532.45,0.0,0.2675,0.0,0.0,5,0,5
CUST00377,Dormant Customers,80,4,2214.32,0.0,0.2625,0.0,0.0,10,0,3
CUST00378,Dormant Customers,99,1,1622.32,0.0,0.29,0.0,0.0,4,0,1
CUST00379,Dormant Customers,75,2,1029.97,0.0,0.16,0.0,0.0,2,0,2
CUST00380,Discount Sensitive,39,6,3460.9,0.0,0.4033333333333333,1.0,1.0,8,0,4
CUST00381,Dormant Customers,182,1,597.86,0.0,0.28,1.0,1.0,2,0,1
CUST00382,Dormant Customers,45,2,766.55,0.0,0.105,0.0,0.0,6,0,2
CUST00383,Champions,8,6,4050.1099999999997,0.16666666666666666,0.20000000000000004,3.0,1.0,14,1,3
CUST00384,Dormant Customers,26,1,470.31,0.0,0.22,0.0,0.0,0,0,1
CUST00385,Loyal Customers,63,7,5606.02,0.0,0.29714285714285715,3.0,0.6666666666666666,6,1,4
CUST00386,Champions,0,6,4989.88,0.0,0.24166666666666667,1.0,1.0,13,2,4
CUST00387,Dormant Customers,40,1,721.21,0.0,0.31,0.0,0.0,1,0,1
CUST00388,Loyal Customers,37,5,2574.36,0.0,0.328,1.0,1.0,6,3,3
CUST00389,Champions,14,9,6570.38,0.0,0.29888888888888887,3.0,0.6666666666666666,11,2,3
CUST00390,Dormant Customers,54,2,1639.4299999999998,0.0,0.35,1.0,1.0,4,1,2
CUST00391,Dormant Customers,1,3,2830.86,0.0,0.23666666666666666,0.0,0.0,4,0,2
CUST00392,Loyal Customers,133,7,5290.95,0.0,0.2785714285714286,0.0,0.0,4,1,4
CUST00393,Dormant Customers,12,2,2231.04,0.0,0.19,1.0,0.0,5,1,2
CUST00394,Dormant Customers,1,1,404.19,0.0,0.21,1.0,1.0,12,0,1
CUST00395,Dormant Customers,35,3,1418.71,0.0,0.31666666666666665,1.0,1.0,12,0,3
CUST00396,Loyal Customers,10,5,3031.7799999999997,0.0,0.21399999999999997,1.0,1.0,10,2,4
CUST00397,Loyal Customers,79,11,9647.73,0.0,0.21545454545454545,4.0,0.75,3,2,5
CUST00398,Dormant Customers,8,4,2823.02,0.0,0.28500000000000003,1.0,1.0,11,0,3
CUST00399,Dormant Customers,262,4,2749.65,0.0,0.3025,0.0,0.0,3,0,4
CUST00400,Discount Sensitive,44,1,402.05,0.0,0.61,0.0,0.0,9,0,1
CUST00401,Dormant Customers,66,1,568.99,0.0,0.19,1.0,1.0,2,0,1
CUST00402,Discount Sensitive,132,3,1410.06,0.0,0.36000000000000004,1.0,1.0,1,1,3
CUST00403,Dormant Customers,21,2,2029.3200000000002,0.0,0.12,0.0,0.0,15,1,2
CUST00404,Loyal Customers,193,6,4631.52,0.0,0.20666666666666667,2.0,1.0,1,1,3
CUST00405,Discount Sensitive,2,1,282.03,1.0,0.5,1.0,1.0,4,0,1
CUST00406,Dormant Customers,10,3,997.27,0.0,0.3433333333333333,1.0,0.0,10,0,1
CUST00407,Discount Sensitive,18,1,1569.01,0.0,0.36,0.0,0.0,0,0,1
CUST00408,Loyal Customers,40,7,4155.91,0.14285714285714285,0.23857142857142857,4.0,0.0,0,1,4
CUST00409,Loyal Customers,58,7,4946.35,0.42857142857142855,0.2671428571428572,3.0,1.0,11,1,4
CUST00410,Dormant Customers,1,2,1365.22,0.0,0.22,1.0,0.0,16,0,2
CUST00411,Dormant Customers,253,1,1756.76,0.0,0.16,0.0,0.0,1,0,1
CUST00412,Dormant Customers,529,1,1486.51,0.0,0.04,0.0,0.0,0,0,1
CUST00413,Discount Sensitive,26,3,1644.89,0.3333333333333333,0.45999999999999996,2.0,1.0,16,0,3
CUST00414,Dormant Customers,3,1,311.44,1.0,0.32,1.0,1.0,5,1,1
CUST00415,Dormant Customers,120,2,2282.07,0.0,0.255,1.0,0.0,1,2,2
CUST00416,Dormant Customers,28,2,1020.28,0.0,0.28500000000000003,1.0,0.0,4,0,2
CUST00417,Dormant Customers,151,4,2750.0299999999997,0.0,0.2525,0.0,0.0,0,1,3
CUST00418,Dormant Customers,5,2,1919.75,0.0,0.13999999999999999,1.0,1.0,8,2,2
CUST00419,Dormant Customers,98,2,1795.1,0.0,0.30000000000000004,0.0,0.0,12,1,1
CUST00420,High Value But Unhappy,18,4,4050.29,0.0,0.185,1.0,1.0,14,0,3
CUST00421,High Value But Unhappy,0,7,5557.389999999999,0.14285714285714285,0.2928571428571428,2.0,0.5,4,0,3
CUST00422,Dormant Customers,125,2,1075.03,0.0,0.25,0.0,0.0,7,0,1
CUST00423,Dormant Customers,135,3,2349.76,0.0,0.21666666666666667,0.0,0.0,1,0,2
CUST00424,Dormant Customers,113,2,1297.49,0.0,0.21000000000000002,1.0,1.0,5,1,2
CUST00425,Dormant Customers,113,2,1502.44,0.0,0.195,0.0,0.0,12,2,2
CUST00426,Dormant Customers,77,2,1478.25,0.0,0.175,0.0,0.0,8,0,2
CUST00427,Discount Sensitive,1,2,331.53,0.5,0.41500000000000004,1.0,1.0,4,0,2
CUST00428,Dormant Customers,74,5,2817.05,0.0,0.31,1.0,1.0,1,0,2
CUST00429,Dormant Customers,6,1,432.48,0.0,0.26,1.0,1.0,13,2,1
CUST00430,Dormant Customers,22,3,2369.81,0.0,0.2833333333333333,0.0,0.0,0,0,3
CUST00431,Discount Sensitive,154,2,903.65,0.0,0.435,0.0,0.0,1,1,1
CUST00432,Dormant Customers,112,4,5036.07,0.0,0.2425,0.0,0.0,9,0,3
CUST00433,High Value But Unhappy,36,6,4884.34,0.0,0.295,4.0,0.5,10,0,3
CUST00434,Dormant Customers,293,2,1034.35,0.0,0.25,0.0,0.0,2,1,2
CUST00435,Dormant Customers,200,3,1740.56,0.3333333333333333,0.27,1.0,1.0,1,1,3
CUST00436,Dormant Customers,49,4,2770.92,0.0,0.2,0.0,0.0,2,0,2
CUST00437,Dormant Customers,151,1,729.22,0.0,0.25,0.0,0.0,0,0,1
CUST00438,Dormant Customers,64,3,2466.39,1.0,0.16,3.0,1.0,6,2,3
CUST00439,Dormant Customers,119,3,1981.34,0.3333333333333333,0.33666666666666667,1.0,1.0,7,0,2
CUST00440,Discount Sensitive,64,1,325.03,0.0,0.56,1.0,1.0,5,0,1
CUST00441,Dormant Customers,211,1,786.67,0.0,0.24,1.0,0.0,1,0,1
CUST00442,High Value But Unhappy,69,8,4905.34,0.0,0.36,1.0,1.0,2,0,4
CUST00443,Dormant Customers,265,3,1694.35,0.0,0.25,0.0,0.0,2,0,2
CUST00444,Dormant Customers,232,1,520.84,0.0,0.19,0.0,0.0,1,1,1
CUST00445,Discount Sensitive,26,1,1594.8,0.0,0.43,0.0,0.0,4,1,1
CUST00446,Dormant Customers,26,1,521.16,0.0,0.33,0.0,0.0,9,0,1
CUST00447,Loyal Customers,36,7,3091.4,0.14285714285714285,0.3671428571428571,2.0,0.5,6,1,2
CUST00448,Loyal Customers,136,5,4291.91,0.4,0.202,3.0,0.6666666666666666,11,3,3
CUST00449,Discount Sensitive,209,2,661.52,0.0,0.38,0.0,0.0,1,0,2
CUST00450,Dormant Customers,44,1,862.9,0.0,0.24,0.0,0.0,5,0,1
CUST00451,Dormant Customers,29,4,3636.0,0.25,0.1625,2.0,0.5,3,0,2
CUST00452,Discount Sensitive,256,6,1929.85,0.0,0.38999999999999996,1.0,0.0,2,0,3
CUST00453,Dormant Customers,17,4,3032.93,0.0,0.28500000000000003,1.0,1.0,1,0,4
CUST00454,Dormant Customers,13,4,2655.42,0.0,0.1525,2.0,0.0,17,1,2
CUST00455,Discount Sensitive,273,3,1616.76,0.0,0.43,1.0,1.0,0,0,2
CUST00456,Dormant Customers,147,4,3440.2,0.0,0.1575,1.0,1.0,0,1,3
CUST00457,Dormant Customers,321,2,1371.21,0.0,0.15000000000000002,0.0,0.0,1,0,2
CUST00458,Discount Sensitive,4,2,1371.81,0.0,0.4,0.0,0.0,4,0,2
CUST00459,Dormant Customers,237,3,2928.0299999999997,0.3333333333333333,0.18000000000000002,2.0,1.0,5,0,2
CUST00460,Loyal Customers,19,11,9241.95,0.09090909090909091,0.2690909090909091,1.0,1.0,8,1,6
CUST00461,Dormant Customers,194,4,1579.47,0.0,0.305,0.0,0.0,3,1,3
CUST00462,Dormant Customers,35,3,2689.5,0.0,0.3566666666666667,1.0,1.0,2,0,2
CUST00463,Dormant Customers,29,4,5048.68,0.0,0.2525,0.0,0.0,0,0,3
CUST00464,Loyal Customers,106,10,6495.79,0.1,0.34500000000000003,3.0,0.3333333333333333,6,1,4
CUST00465,Discount Sensitive,177,1,1298.74,0.0,0.37,0.0,0.0,3,1,1
CUST00466,Loyal Customers,25,10,5238.91,0.1,0.326,2.0,1.0,9,2,4
CUST00467,Dormant Customers,3,2,1180.98,0.0,0.295,0.0,0.0,7,1,2
CUST00468,Discount Sensitive,198,2,1077.8600000000001,0.5,0.385,1.0,1.0,1,1,1
CUST00469,Discount Sensitive,19,3,1886.95,0.0,0.4533333333333333,0.0,0.0,8,0,1
CUST00470,Discount Sensitive,166,5,3508.62,0.0,0.362,2.0,1.0,1,0,3
CUST00471,Discount Sensitive,126,1,307.23,0.0,0.49,0.0,0.0,5,0,1
CUST00472,Dormant Customers,114,3,2846.8,0.0,0.15333333333333332,0.0,0.0,0,0,2
CUST00473,Dormant Customers,121,6,3513.72,0.16666666666666666,0.24166666666666667,2.0,1.0,0,0,4
CUST00474,Dormant Customers,22,3,1652.35,0.3333333333333333,0.24333333333333332,1.0,1.0,5,0,3
CUST00475,Dormant Customers,39,9,6914.04,0.0,0.20222222222222222,0.0,0.0,2,0,4
CUST00476,High Value But Unhappy,140,7,6233.25,0.14285714285714285,0.38285714285714284,3.0,1.0,6,0,4
CUST00477,Discount Sensitive,60,4,3034.67,0.0,0.48,0.0,0.0,2,1,3
CUST00478,Discount Sensitive,31,2,862.04,0.0,0.395,0.0,0.0,8,1,2
CUST00479,Dormant Customers,269,1,319.34,0.0,0.27,1.0,0.0,5,0,1
CUST00480,At-Risk High Value,148,7,4227.82,0.0,0.19285714285714287,0.0,0.0,2,0,3
CUST00481,Dormant Customers,43,2,934.12,0.0,0.19,0.0,0.0,10,1,2
CUST00482,Dormant Customers,32,4,2177.14,0.0,0.35,0.0,0.0,15,1,3
CUST00483,High Value But Unhappy,107,7,4120.83,0.14285714285714285,0.24714285714285714,1.0,1.0,3,0,5
CUST00484,High Value But Unhappy,62,5,5407.55,0.2,0.16799999999999998,3.0,1.0,9,0,2
CUST00485,Loyal Customers,228,5,2971.02,0.0,0.426,2.0,0.0,1,1,3
CUST00486,Dormant Customers,44,1,810.16,0.0,0.05,0.0,0.0,10,0,1
CUST00487,Discount Sensitive,29,7,2642.71,0.14285714285714285,0.4828571428571428,6.0,0.6666666666666666,2,0,3
CUST00488,Dormant Customers,217,4,2427.65,0.0,0.27,0.0,0.0,8,1,4
CUST00489,Discount Sensitive,210,1,963.44,0.0,0.37,0.0,0.0,10,0,1
CUST00490,Dormant Customers,7,1,557.54,1.0,0.13,1.0,1.0,8,1,1
CUST00491,Dormant Customers,97,1,540.89,1.0,0.24,1.0,1.0,10,1,1
CUST00492,High Value But Unhappy,61,6,5426.94,0.16666666666666666,0.32333333333333336,1.0,1.0,0,0,3
CUST00493,Dormant Customers,108,2,1757.06,0.5,0.28500000000000003,1.0,1.0,10,3,2
CUST00494,Dormant Customers,11,1,660.15,0.0,0.15,0.0,0.0,6,0,1
CUST00495,Dormant Customers,45,2,2001.5900000000001,0.0,0.32,0.0,0.0,4,0,1
CUST00496,Discount Sensitive,35,1,1586.18,0.0,0.43,0.0,0.0,4,0,1
CUST00497,Dormant Customers,159,1,1724.62,0.0,0.14,0.0,0.0,1,2,1
CUST00498,Dormant Customers,24,2,970.31,0.0,0.14500000000000002,0.0,0.0,3,0,2
CUST00499,Dormant Customers,18,3,2917.37,0.0,0.09999999999999999,1.0,0.0,1,0,2
CUST00500,Dormant Customers,43,3,3208.81,0.0,0.21,0.0,0.0,10,1,3
CUST00501,Dormant Customers,20,4,2834.75,0.0,0.1825,1.0,1.0,4,0,3
CUST00502,Discount Sensitive,17,2,1615.2400000000002,0.0,0.475,0.0,0.0,13,0,2
CUST00503,High Value But Unhappy,48,7,4458.49,0.14285714285714285,0.3014285714285715,3.0,1.0,4,0,5
CUST00504,Dormant Customers,15,1,1602.01,0.0,0.2,0.0,0.0,9,2,1
CUST00505,Dormant Customers,125,1,1027.23,0.0,0.21,0.0,0.0,9,1,1
CUST00506,Loyal Customers,38,9,8243.95,0.0,0.26,4.0,1.0,0,1,5
CUST00507,Discount Sensitive,120,2,3345.6800000000003,0.0,0.36,0.0,0.0,1,0,1
CUST00508,Dormant Customers,148,1,717.51,0.0,0.13,0.0,0.0,6,0,1
CUST00509,Discount Sensitive,21,1,954.21,0.0,0.36,0.0,0.0,9,1,1
CUST00510,Dormant Customers,162,4,3630.48,0.25,0.27249999999999996,1.0,1.0,4,1,2
CUST00511,Dormant Customers,5,4,2778.7,0.0,0.1775,1.0,1.0,18,0,4
CUST00512,Dormant Customers,16,4,2468.63,0.0,0.2025,1.0,0.0,6,0,3
CUST00513,High Value But Unhappy,27,8,5289.39,0.0,0.23125,3.0,0.3333333333333333,6,0,4
CUST00514,Dormant Customers,93,1,1687.55,0.0,0.2,0.0,0.0,11,4,1
CUST00515,Dormant Customers,6,2,1540.13,0.0,0.3,1.0,1.0,2,0,1
CUST00516,Dormant Customers,27,1,623.59,0.0,0.19,0.0,0.0,9,2,1
CUST00517,Loyal Customers,59,5,2777.25,0.0,0.288,2.0,0.5,2,3,3
CUST00518,Dormant Customers,23,1,226.9,0.0,0.12,0.0,0.0,5,0,1
CUST00519,Dormant Customers,81,1,412.42,0.0,0.33,0.0,0.0,0,0,1
CUST00520,Loyal Customers,2,5,3130.28,0.0,0.29,0.0,0.0,2,2,4
CUST00521,Loyal Customers,42,7,3626.0699999999997,0.0,0.3157142857142857,1.0,1.0,5,3,4
CUST00522,Dormant Customers,462,1,1688.22,0.0,0.2,0.0,0.0,1,2,1
CUST00523,Discount Sensitive,29,3,2606.67,0.0,0.4266666666666667,1.0,1.0,7,0,3
CUST00524,Champions,11,10,7161.96,0.1,0.282,2.0,0.5,10,1,4
CUST00525,Dormant Customers,220,4,1916.75,0.0,0.24,0.0,0.0,1,0,3
CUST00526,Discount Sensitive,2,1,1131.41,0.0,0.38,0.0,0.0,6,0,1
CUST00527,Dormant Customers,113,6,5554.469999999999,0.0,0.2883333333333334,0.0,0.0,1,0,4
CUST00528,Discount Sensitive,14,1,556.1,0.0,0.45,0.0,0.0,12,0,1
CUST00529,Dormant Customers,63,1,1129.52,0.0,0.24,1.0,1.0,11,2,1
CUST00530,Dormant Customers,57,3,2183.4300000000003,0.0,0.22,0.0,0.0,2,0,2
CUST00531,Discount Sensitive,43,2,648.41,0.0,0.48,1.0,1.0,1,0,2
CUST00532,High Value But Unhappy,118,4,4895.42,0.0,0.3675,1.0,1.0,1,0,3
CUST00533,Discount Sensitive,4,1,149.0,0.0,0.56,1.0,1.0,9,0,1
CUST00534,Dormant Customers,74,5,3110.46,0.0,0.23200000000000004,1.0,1.0,4,0,2
CUST00535,Loyal Customers,138,5,5156.9,0.0,0.32,0.0,0.0,5,1,4
CUST00536,Dormant Customers,55,4,4432.75,0.0,0.1825,0.0,0.0,14,1,4
CUST00537,Dormant Customers,2,1,447.58,0.0,0.32,0.0,0.0,4,0,1
CUST00538,Loyal Customers,70,6,4026.69,0.0,0.10833333333333334,0.0,0.0,5,2,4
CUST00539,Loyal Customers,65,8,7874.25,0.0,0.21,3.0,0.0,1,1,4
CUST00540,High Value But Unhappy,56,7,5087.94,0.0,0.3057142857142857,3.0,1.0,3,0,4
CUST00541,Loyal Customers,132,5,3404.94,0.0,0.32599999999999996,1.0,0.0,1,2,4
CUST00542,Dormant Customers,54,1,576.88,0.0,0.3,0.0,0.0,1,1,1
CUST00543,Dormant Customers,197,4,2320.55,0.0,0.26,0.0,0.0,2,2,3
CUST00544,Dormant Customers,85,2,2284.46,0.0,0.215,0.0,0.0,6,0,2
CUST00545,Dormant Customers,1,1,603.57,0.0,0.35,1.0,1.0,9,2,1
CUST00546,Dormant Customers,3,2,2127.37,0.0,0.305,0.0,0.0,12,1,2
CUST00547,Dormant Customers,39,1,1001.24,1.0,0.12,1.0,1.0,6,0,1
CUST00548,Dormant Customers,165,1,858.7,0.0,0.28,0.0,0.0,6,0,1
CUST00549,Dormant Customers,132,2,1035.57,0.0,0.35,1.0,0.0,1,1,2
CUST00550,Discount Sensitive,11,1,525.8,0.0,0.42,0.0,0.0,0,0,1
CUST00551,Dormant Customers,25,3,1964.0,0.0,0.19333333333333333,0.0,0.0,10,2,2
CUST00552,Dormant Customers,4,1,567.45,0.0,0.16,0.0,0.0,12,1,1
CUST00553,Dormant Customers,293,4,3183.11,0.0,0.31,0.0,0.0,2,0,4
CUST00554,Discount Sensitive,7,3,1402.26,0.0,0.38999999999999996,0.0,0.0,10,0,2
CUST00555,Dormant Customers,45,3,1924.03,0.0,0.20000000000000004,2.0,1.0,3,1,3
CUST00556,Dormant Customers,26,1,936.16,0.0,0.25,1.0,1.0,1,0,1
CUST00557,Champions,16,6,4460.42,0.0,0.215,1.0,1.0,17,1,4
CUST00558,Dormant Customers,399,2,679.0699999999999,0.0,0.255,0.0,0.0,1,0,2
CUST00559,Dormant Customers,1,2,1344.49,0.0,0.26,0.0,0.0,2,1,2
CUST00560,Dormant Customers,231,1,1135.13,0.0,0.35,0.0,0.0,1,0,1
CUST00561,Dormant Customers,4,1,256.33,0.0,0.35,1.0,0.0,16,0,1
CUST00562,Discount Sensitive,259,2,899.8599999999999,0.5,0.4,2.0,1.0,1,1,1
CUST00563,Dormant Customers,105,2,887.86,0.0,0.305,0.0,0.0,1,0,1
CUST00564,High Value But Unhappy,130,8,4592.1900000000005,0.0,0.365,3.0,0.6666666666666666,10,0,4
CUST00565,Dormant Customers,39,1,275.55,0.0,0.11,0.0,0.0,10,2,1
CUST00566,Dormant Customers,22,1,657.76,0.0,0.32,0.0,0.0,25,0,1
CUST00567,Champions,3,8,4922.05,0.0,0.2825,1.0,1.0,9,0,5
CUST00568,Discount Sensitive,34,1,482.12,0.0,0.38,0.0,0.0,3,0,1
CUST00569,Discount Sensitive,113,1,430.0,0.0,0.38,0.0,0.0,7,3,1
CUST00570,Dormant Customers,168,3,2545.7200000000003,0.3333333333333333,0.24666666666666667,1.0,1.0,0,1,3
CUST00571,Dormant Customers,32,1,598.14,1.0,0.28,1.0,0.0,5,0,1
CUST00572,Dormant Customers,51,6,3305.75,0.0,0.2816666666666667,0.0,0.0,8,0,3
CUST00573,Discount Sensitive,125,5,2912.39,0.0,0.372,1.0,1.0,0,0,4
CUST00574,Champions,5,7,5871.91,0.0,0.21857142857142858,1.0,1.0,14,1,3
CUST00575,Dormant Customers,83,1,548.72,0.0,0.3,1.0,1.0,6,1,1
CUST00576,Dormant Customers,46,2,799.27,0.0,0.33499999999999996,0.0,0.0,15,1,2
CUST00577,Loyal Customers,72,5,3560.2299999999996,0.0,0.236,1.0,0.0,7,2,2
CUST00578,Dormant Customers,376,2,3054.7200000000003,0.0,0.095,0.0,0.0,2,2,2
CUST00579,Discount Sensitive,10,1,301.68,0.0,0.39,0.0,0.0,1,0,1
CUST00580,Dormant Customers,74,1,713.84,0.0,0.14,0.0,0.0,4,1,1
CUST00581,Dormant Customers,76,2,1527.79,0.0,0.185,0.0,0.0,0,0,1
CUST00582,Discount Sensitive,286,1,392.06,0.0,0.42,1.0,0.0,2,2,1
CUST00583,Dormant Customers,263,4,3652.46,0.0,0.1325,1.0,1.0,2,0,3
CUST00584,Dormant Customers,83,1,591.05,0.0,0.3,0.0,0.0,9,0,1
CUST00585,Loyal Customers,113,8,5368.63,0.0,0.31124999999999997,2.0,1.0,15,2,5
CUST00586,Dormant Customers,128,4,1853.61,0.0,0.27,2.0,1.0,1,0,4
CUST00587,Discount Sensitive,18,1,275.79,0.0,0.52,0.0,0.0,10,0,1
CUST00588,Dormant Customers,76,1,649.95,0.0,0.19,0.0,0.0,6,0,1
CUST00589,Loyal Customers,71,5,4196.7699999999995,0.0,0.262,1.0,1.0,4,1,4
CUST00590,Dormant Customers,140,3,3961.05,0.0,0.24333333333333332,2.0,0.5,7,3,3
CUST00591,Discount Sensitive,69,2,1767.15,0.0,0.36,1.0,1.0,2,4,2
CUST00592,Discount Sensitive,20,2,1084.48,0.0,0.41500000000000004,0.0,0.0,3,0,2
CUST00593,Dormant Customers,29,5,3602.31,0.0,0.262,1.0,1.0,9,0,3
CUST00594,Discount Sensitive,91,1,448.78,0.0,0.5,0.0,0.0,0,0,1
CUST00595,Dormant Customers,20,5,2849.27,0.0,0.304,0.0,0.0,9,0,4
CUST00596,Dormant Customers,50,4,2927.96,0.0,0.32499999999999996,3.0,1.0,13,1,3
CUST00597,Dormant Customers,52,4,3041.18,0.0,0.345,2.0,1.0,0,0,4
CUST00598,Dormant Customers,7,2,1082.0300000000002,0.0,0.275,0.0,0.0,20,3,2
CUST00599,Dormant Customers,169,4,2898.52,0.0,0.2475,1.0,1.0,2,1,2
CUST00600,Dormant Customers,263,3,1248.1399999999999,0.0,0.3066666666666667,0.0,0.0,3,0,2
CUST00601,Dormant Customers,70,1,537.85,0.0,0.04,0.0,0.0,8,3,1
CUST00602,Discount Sensitive,91,1,171.18,0.0,0.57,0.0,0.0,5,1,1
CUST00603,Champions,10,9,4869.21,0.0,0.30777777777777776,4.0,1.0,12,1,5
CUST00604,Dormant Customers,90,1,761.72,0.0,0.18,0.0,0.0,2,1,1
CUST00605,Dormant Customers,160,5,3199.79,0.0,0.23399999999999999,2.0,1.0,8,0,3
CUST00606,Dormant Customers,120,1,240.15,0.0,0.24,0.0,0.0,7,0,1
CUST00607,Dormant Customers,249,3,2332.76,0.0,0.27666666666666667,0.0,0.0,9,0,1
CUST00608,Dormant Customers,27,3,2455.49,0.0,0.3233333333333333,1.0,1.0,7,0,2
CUST00609,Loyal Customers,6,5,4581.16,0.0,0.40599999999999997,2.0,1.0,6,1,3
CUST00610,Dormant Customers,22,5,3975.59,0.4,0.34199999999999997,2.0,1.0,10,0,3
CUST00611,Dormant Customers,235,4,3472.66,0.25,0.2575,3.0,1.0,5,0,3
CUST00612,Dormant Customers,48,2,2120.98,0.0,0.35,0.0,0.0,9,0,2
CUST00613,Champions,4,6,4895.57,0.0,0.4116666666666666,2.0,0.5,14,0,5
CUST00614,Dormant Customers,196,1,267.96,0.0,0.33,0.0,0.0,1,1,1
CUST00615,Dormant Customers,34,1,446.03,1.0,0.17,1.0,1.0,4,1,1
CUST00616,Dormant Customers,36,5,2628.3,0.0,0.27599999999999997,1.0,1.0,10,0,3
CUST00617,High Value But Unhappy,14,10,5456.37,0.1,0.41,5.0,1.0,8,0,4
CUST00618,Dormant Customers,92,2,1570.53,0.0,0.21500000000000002,0.0,0.0,8,3,2
CUST00619,Dormant Customers,2,5,2211.2000000000003,0.0,0.32,0.0,0.0,8,0,2
CUST00620,Dormant Customers,90,1,449.48,0.0,0.26,1.0,1.0,17,2,1
CUST00621,Dormant Customers,92,1,348.53,0.0,0.29,0.0,0.0,6,1,1
CUST00622,Dormant Customers,180,3,2009.7800000000002,0.0,0.30666666666666664,0.0,0.0,1,3,3
CUST00623,Dormant Customers,108,4,1945.71,0.25,0.3225,2.0,1.0,18,2,4
CUST00624,Discount Sensitive,232,1,270.09,0.0,0.51,0.0,0.0,4,0,1
CUST00625,Dormant Customers,66,4,2155.58,0.0,0.3275,0.0,0.0,2,0,3
CUST00626,Dormant Customers,9,2,1214.38,0.0,0.23,1.0,1.0,12,0,1
CUST00627,Dormant Customers,75,3,2765.27,0.0,0.3566666666666667,1.0,1.0,6,1,3
CUST00628,Discount Sensitive,59,4,1509.63,0.0,0.45999999999999996,2.0,0.5,9,1,3
CUST00629,Discount Sensitive,44,1,442.4,0.0,0.42,0.0,0.0,2,1,1
CUST00630,Dormant Customers,93,3,2512.7,0.0,0.2866666666666667,0.0,0.0,20,1,3
CUST00631,High Value But Unhappy,68,10,6076.9,0.1,0.388,2.0,1.0,0,0,4
CUST00632,Discount Sensitive,61,1,1078.63,0.0,0.45,0.0,0.0,11,1,1
CUST00633,Dormant Customers,33,1,1619.36,0.0,0.17,0.0,0.0,4,1,1
CUST00634,Dormant Customers,118,4,1711.76,0.25,0.22000000000000003,2.0,1.0,1,0,2
CUST00635,Dormant Customers,134,1,1016.46,0.0,0.35,0.0,0.0,1,1,1
CUST00636,Dormant Customers,72,2,2158.95,0.0,0.195,0.0,0.0,1,0,2
CUST00637,High Value But Unhappy,60,5,5246.29,0.0,0.33799999999999997,1.0,1.0,1,0,3
CUST00638,Dormant Customers,173,6,3093.33,0.0,0.3466666666666667,0.0,0.0,0,0,3
CUST00639,Dormant Customers,369,3,2753.19,0.0,0.17333333333333334,0.0,0.0,1,0,3
CUST00640,Dormant Customers,130,1,641.86,0.0,0.28,0.0,0.0,0,1,1
CUST00641,Loyal Customers,35,6,5481.38,0.0,0.3283333333333333,1.0,1.0,5,1,4
CUST00642,Discount Sensitive,18,3,1654.45,0.0,0.4066666666666667,0.0,0.0,4,0,2
CUST00643,Dormant Customers,155,1,1091.34,0.0,0.26,0.0,0.0,14,1,1
CUST00644,Loyal Customers,78,7,3822.27,0.0,0.37285714285714283,0.0,0.0,0,3,4
CUST00645,Discount Sensitive,252,3,2730.59,0.0,0.44333333333333336,2.0,0.5,0,0,2
CUST00646,High Value But Unhappy,117,6,5934.01,0.16666666666666666,0.15666666666666668,1.0,1.0,5,0,4
CUST00647,Dormant Customers,64,1,507.52,0.0,0.13,1.0,0.0,2,0,1
CUST00648,Dormant Customers,31,1,1298.17,0.0,0.13,0.0,0.0,3,3,1
CUST00649,Dormant Customers,124,6,3181.62,0.16666666666666666,0.28,4.0,1.0,5,0,3
CUST00650,Discount Sensitive,59,3,2622.0099999999998,0.0,0.36333333333333334,0.0,0.0,6,0,2
CUST00651,Loyal Customers,34,7,5105.77,0.0,0.36,0.0,0.0,6,2,4
CUST00652,Dormant Customers,75,4,4491.29,0.0,0.34249999999999997,0.0,0.0,13,2,3
CUST00653,Dormant Customers,32,2,2037.83,0.0,0.235,0.0,0.0,19,0,2
CUST00654,High Value But Unhappy,8,6,5827.77,0.3333333333333333,0.15,2.0,1.0,8,0,4
CUST00655,Dormant Customers,79,8,5295.41,0.0,0.27875,0.0,0.0,0,0,5
CUST00656,Dormant Customers,67,4,3207.37,0.0,0.22999999999999998,1.0,1.0,16,0,2
CUST00657,Dormant Customers,63,4,1287.49,0.25,0.325,1.0,1.0,5,1,3
CUST00658,Dormant Customers,219,2,2355.97,0.0,0.27,1.0,1.0,3,1,2
CUST00659,Discount Sensitive,16,1,883.27,0.0,0.37,0.0,0.0,21,4,1
CUST00660,Dormant Customers,43,1,573.43,0.0,0.16,0.0,0.0,7,2,1
CUST00661,Discount Sensitive,180,3,1105.96,0.0,0.3833333333333333,1.0,0.0,1,0,3
CUST00662,Dormant Customers,124,1,852.96,0.0,0.27,0.0,0.0,2,0,1
CUST00663,High Value But Unhappy,64,8,5700.78,0.125,0.3375,2.0,1.0,14,0,4
CUST00664,Dormant Customers,20,1,237.27,0.0,0.34,1.0,0.0,1,0,1
CUST00665,High Value But Unhappy,35,9,6480.29,0.1111111111111111,0.1788888888888889,2.0,1.0,3,0,3
CUST00666,Dormant Customers,3,1,540.99,0.0,0.32,1.0,1.0,1,1,1
CUST00667,High Value But Unhappy,25,5,5036.26,0.2,0.264,2.0,1.0,7,0,4
CUST00668,Dormant Customers,42,2,952.4100000000001,0.0,0.16,0.0,0.0,3,0,2
CUST00669,Dormant Customers,57,3,2774.7599999999998,0.0,0.24333333333333332,0.0,0.0,1,0,3
CUST00670,Dormant Customers,242,4,3756.69,0.0,0.345,1.0,1.0,0,1,2
CUST00671,Champions,2,8,5453.93,0.0,0.3325,1.0,0.0,13,0,4
CUST00672,Discount Sensitive,141,1,434.37,0.0,0.47,0.0,0.0,10,3,1
CUST00673,Discount Sensitive,118,1,1297.2,0.0,0.36,0.0,0.0,1,1,1
CUST00674,Dormant Customers,56,8,4178.67,0.0,0.28875,0.0,0.0,14,0,4
CUST00675,Loyal Customers,130,5,6478.51,0.0,0.26799999999999996,0.0,0.0,8,1,3
CUST00676,Discount Sensitive,6,1,714.17,0.0,0.4,1.0,1.0,9,2,1
CUST00677,Discount Sensitive,6,1,291.61,0.0,0.36,0.0,0.0,1,0,1
CUST00678,Dormant Customers,196,2,1145.87,0.0,0.295,0.0,0.0,1,0,1
CUST00679,Loyal Customers,83,8,6252.95,0.0,0.33,2.0,0.5,3,3,5
CUST00680,Dormant Customers,215,1,1087.83,0.0,0.29,0.0,0.0,1,0,1
CUST00681,Discount Sensitive,211,1,1372.4,1.0,0.41,1.0,1.0,1,0,1
CUST00682,Dormant Customers,19,1,1238.23,0.0,0.17,1.0,1.0,6,1,1
CUST00683,Dormant Customers,0,3,3422.7,0.0,0.25,2.0,0.5,7,1,2
CUST00684,Dormant Customers,140,4,2472.73,0.0,0.23750000000000002,1.0,1.0,2,0,3
CUST00685,Discount Sensitive,2,1,1158.09,0.0,0.44,0.0,0.0,3,1,1
CUST00686,Dormant Customers,127,3,1409.0900000000001,0.0,0.2866666666666667,0.0,0.0,21,1,3
CUST00687,Dormant Customers,117,5,4129.24,0.0,0.23600000000000004,0.0,0.0,1,0,4
CUST00688,Dormant Customers,13,5,3552.34,0.2,0.274,1.0,1.0,1,0,4
CUST00689,Dormant Customers,70,4,4514.3099999999995,0.0,0.1,0.0,0.0,13,0,4
CUST00690,Champions,4,5,5697.91,0.0,0.304,1.0,0.0,11,3,3
CUST00691,Discount Sensitive,61,3,2927.57,0.0,0.42333333333333334,0.0,0.0,14,3,2
CUST00692,Discount Sensitive,58,3,1850.73,0.0,0.37333333333333335,0.0,0.0,0,1,1
CUST00693,High Value But Unhappy,147,5,6136.5,0.0,0.18,2.0,1.0,0,0,4
CUST00694,Dormant Customers,74,1,345.14,0.0,0.23,0.0,0.0,14,0,1
CUST00695,Discount Sensitive,198,1,616.85,0.0,0.41,1.0,0.0,4,0,1
CUST00696,High Value But Unhappy,40,5,4814.21,0.0,0.31,1.0,1.0,1,0,4
CUST00697,Dormant Customers,247,4,3657.69,0.25,0.2275,1.0,1.0,1,0,4
CUST00698,Champions,14,8,5318.95,0.375,0.25,4.0,1.0,11,0,4
CUST00699,Discount Sensitive,47,4,2191.5099999999998,0.0,0.3825,0.0,0.0,15,0,4
CUST00700,Dormant Customers,49,4,3589.62,0.0,0.1675,0.0,0.0,1,0,4
CUST00701,Dormant Customers,122,5,6476.26,0.0,0.162,1.0,0.0,10,0,3
CUST00702,High Value But Unhappy,77,6,8044.75,0.16666666666666666,0.21333333333333335,2.0,1.0,2,0,4
CUST00703,Dormant Customers,104,1,360.06,0.0,0.31,0.0,0.0,3,0,1
CUST00704,Dormant Customers,22,4,3057.83,0.0,0.3275,1.0,1.0,12,0,3
CUST00705,Dormant Customers,12,1,872.61,1.0,0.0,1.0,1.0,1,0,1
CUST00706,Dormant Customers,2,1,439.07,0.0,0.33,0.0,0.0,2,0,1
CUST00707,Dormant Customers,189,3,2254.12,0.0,0.22333333333333336,2.0,1.0,10,0,3
CUST00708,High Value But Unhappy,45,6,5342.67,0.0,0.3283333333333333,1.0,1.0,5,0,4
CUST00709,Dormant Customers,129,1,1966.47,0.0,0.13,0.0,0.0,0,0,1
CUST00710,High Value But Unhappy,16,8,5514.42,0.0,0.28875,2.0,0.5,8,0,5
CUST00711,Champions,19,8,5430.3,0.125,0.41000000000000003,2.0,1.0,10,2,2
CUST00712,Dormant Customers,4,4,1928.79,0.0,0.3225,1.0,1.0,2,0,3
CUST00713,Champions,3,9,9076.15,0.1111111111111111,0.3022222222222222,3.0,1.0,10,0,5
CUST00714,Loyal Customers,40,6,2681.75,0.16666666666666666,0.385,1.0,1.0,2,1,3
CUST00715,Discount Sensitive,25,3,954.63,0.0,0.5166666666666666,0.0,0.0,4,0,3
CUST00716,Loyal Customers,6,6,2828.0600000000004,0.0,0.37000000000000005,1.0,1.0,14,2,4
CUST00717,Dormant Customers,0,1,884.85,0.0,0.31,0.0,0.0,6,0,1
CUST00718,Dormant Customers,117,2,697.62,0.0,0.325,0.0,0.0,2,1,2
CUST00719,Discount Sensitive,168,4,2610.39,0.25,0.37,1.0,0.0,2,0,3
CUST00720,Loyal Customers,291,5,3086.61,0.2,0.406,2.0,1.0,1,1,3
CUST00721,Dormant Customers,14,1,1856.99,0.0,0.1,0.0,0.0,8,1,1
CUST00722,Discount Sensitive,30,1,256.54,1.0,0.6,1.0,1.0,1,0,1
CUST00723,Dormant Customers,69,1,546.81,0.0,0.1,0.0,0.0,7,1,1
CUST00724,Dormant Customers,8,2,1014.94,0.0,0.12,0.0,0.0,8,2,2
CUST00725,Discount Sensitive,141,3,2162.5,0.0,0.37333333333333335,0.0,0.0,0,0,3
CUST00726,High Value But Unhappy,98,10,7976.49,0.1,0.33899999999999997,4.0,0.75,10,0,6
CUST00727,Loyal Customers,8,5,3822.01,0.2,0.32,1.0,1.0,10,2,3
CUST00728,Dormant Customers,66,1,396.38,1.0,0.22,1.0,1.0,6,0,1
CUST00729,Discount Sensitive,140,1,1324.83,0.0,0.38,0.0,0.0,1,1,1
CUST00730,Dormant Customers,232,2,1923.08,0.0,0.32999999999999996,0.0,0.0,3,0,2
CUST00731,Discount Sensitive,136,2,1457.58,0.0,0.38,0.0,0.0,2,1,1
CUST00732,Dormant Customers,6,1,402.61,0.0,0.13,1.0,1.0,6,1,1
CUST00733,Dormant Customers,66,3,1661.19,0.0,0.19666666666666668,0.0,0.0,5,0,2
CUST00734,High Value But Unhappy,89,5,4981.82,0.2,0.366,2.0,1.0,6,0,3
CUST00735,Discount Sensitive,12,4,1973.4,0.0,0.47000000000000003,1.0,0.0,1,0,1
CUST00736,Dormant Customers,66,3,1727.68,0.0,0.35333333333333333,0.0,0.0,3,0,3
CUST00737,Dormant Customers,24,1,872.88,0.0,0.16,0.0,0.0,1,0,1
CUST00738,Dormant Customers,78,1,545.24,1.0,0.18,1.0,1.0,8,2,1
CUST00739,Dormant Customers,24,1,1047.95,0.0,0.27,0.0,0.0,8,1,1
CUST00740,Loyal Customers,261,5,4065.24,0.2,0.37,1.0,1.0,5,2,3
CUST00741,Dormant Customers,225,3,1798.7,0.0,0.23,0.0,0.0,3,1,3
CUST00742,Discount Sensitive,49,2,1288.91,0.0,0.365,0.0,0.0,5,0,2
CUST00743,Loyal Customers,1,5,2957.78,0.2,0.294,1.0,1.0,3,2,2
CUST00744,Dormant Customers,65,2,1108.58,0.0,0.14,0.0,0.0,2,2,1
CUST00745,Dormant Customers,1,1,1077.53,0.0,0.28,0.0,0.0,14,0,1
CUST00746,Discount Sensitive,177,2,1625.12,0.0,0.46,0.0,0.0,0,0,2
CUST00747,Dormant Customers,11,1,1123.87,0.0,0.31,1.0,1.0,13,0,1
CUST00748,Dormant Customers,58,7,4244.5,0.0,0.1942857142857143,1.0,0.0,5,0,3
CUST00749,Discount Sensitive,11,2,1514.65,0.0,0.475,0.0,0.0,13,3,2
CUST00750,Discount Sensitive,49,3,2474.98,0.0,0.36333333333333334,0.0,0.0,8,1,2
CUST00751,Dormant Customers,15,1,657.24,0.0,0.21,0.0,0.0,8,1,1
CUST00752,Dormant Customers,97,2,1319.5500000000002,0.0,0.23500000000000001,1.0,1.0,2,0,2
CUST00753,Dormant Customers,143,1,1093.17,0.0,0.16,0.0,0.0,9,0,1
CUST00754,Dormant Customers,37,2,3639.05,0.0,0.13,1.0,1.0,18,1,2
CUST00755,Dormant Customers,200,2,1585.3600000000001,0.5,0.27999999999999997,1.0,1.0,12,2,2
CUST00756,Dormant Customers,113,3,3223.87,0.0,0.19666666666666668,2.0,0.5,0,0,1
CUST00757,Discount Sensitive,8,3,1807.24,0.0,0.38000000000000006,0.0,0.0,4,1,2
CUST00758,Loyal Customers,78,10,6808.01,0.0,0.27,0.0,0.0,13,1,5
CUST00759,Dormant Customers,38,2,1562.24,0.0,0.26,0.0,0.0,4,0,2
CUST00760,Dormant Customers,162,2,1132.19,0.5,0.28,1.0,1.0,1,0,1
CUST00761,Dormant Customers,193,2,1069.58,0.0,0.145,0.0,0.0,1,0,2
CUST00762,Dormant Customers,46,2,2784.5699999999997,0.5,0.24,1.0,0.0,8,0,2
CUST00763,At-Risk High Value,188,4,4210.57,0.0,0.2375,0.0,0.0,0,0,3
CUST00764,Dormant Customers,23,4,3245.93,0.0,0.2475,0.0,0.0,8,0,4
CUST00765,Dormant Customers,98,3,2692.35,0.0,0.34,1.0,0.0,2,0,2
CUST00766,Dormant Customers,166,2,1783.35,0.0,0.305,0.0,0.0,7,0,2
CUST00767,Loyal Customers,75,7,3498.46,0.0,0.3314285714285714,3.0,1.0,7,3,4
CUST00768,Dormant Customers,21,3,2361.23,0.0,0.21666666666666667,1.0,1.0,3,0,2
CUST00769,Dormant Customers,18,6,2815.44,0.0,0.29333333333333333,2.0,1.0,2,0,4
CUST00770,Dormant Customers,27,3,2711.16,0.0,0.19999999999999998,1.0,1.0,12,1,3
CUST00771,Discount Sensitive,90,1,456.76,0.0,0.41,1.0,1.0,8,0,1
CUST00772,Dormant Customers,190,3,3114.63,0.0,0.2833333333333333,0.0,0.0,9,1,2
CUST00773,Dormant Customers,71,3,2278.26,0.0,0.25666666666666665,1.0,1.0,4,0,3
CUST00774,Dormant Customers,101,3,1439.8,0.0,0.10666666666666667,0.0,0.0,2,0,2
CUST00775,Dormant Customers,23,1,1298.92,0.0,0.23,0.0,0.0,8,2,1
CUST00776,Dormant Customers,135,4,3024.9399999999996,0.0,0.245,0.0,0.0,0,0,3
CUST00777,Dormant Customers,10,1,720.41,0.0,0.32,0.0,0.0,2,1,1
CUST00778,Dormant Customers,331,4,3444.29,0.0,0.155,1.0,1.0,1,0,3
CUST00779,Discount Sensitive,6,1,416.15,0.0,0.49,0.0,0.0,3,1,1
CUST00780,Dormant Customers,36,4,3232.4,0.25,0.29000000000000004,3.0,0.6666666666666666,12,0,3
CUST00781,Discount Sensitive,49,1,442.8,0.0,0.38,0.0,0.0,4,0,1
CUST00782,Dormant Customers,194,1,505.28,0.0,0.31,0.0,0.0,1,2,1
CUST00783,Loyal Customers,232,6,4123.36,0.0,0.37333333333333335,1.0,0.0,3,2,5
CUST00784,Loyal Customers,45,5,3103.73,0.0,0.248,0.0,0.0,11,1,4
CUST00785,Dormant Customers,11,6,3144.23,0.0,0.33,1.0,1.0,5,0,4
CUST00786,High Value But Unhappy,150,5,5359.3,0.2,0.11400000000000002,3.0,1.0,1,0,3
CUST00787,High Value But Unhappy,48,7,5769.13,0.0,0.27714285714285714,2.0,0.0,2,0,5
CUST00788,Discount Sensitive,49,1,1408.44,0.0,0.39,0.0,0.0,8,0,1
CUST00789,Dormant Customers,55,3,1689.1100000000001,0.0,0.2866666666666667,0.0,0.0,1,0,2
CUST00790,Dormant Customers,78,1,458.83,0.0,0.19,1.0,1.0,9,1,1
CUST00791,Discount Sensitive,230,1,1187.93,0.0,0.38,1.0,1.0,0,0,1
CUST00792,Discount Sensitive,148,6,2976.79,0.0,0.4583333333333333,1.0,1.0,4,0,2
CUST00793,Discount Sensitive,113,3,2463.2,0.0,0.39666666666666667,0.0,0.0,1,1,3
CUST00794,Dormant Customers,171,5,2824.37,0.0,0.198,2.0,1.0,7,0,4
CUST00795,Dormant Customers,138,4,3787.58,0.0,0.2,0.0,0.0,2,0,2
CUST00796,At-Risk High Value,151,3,5388.48,0.0,0.22333333333333336,0.0,0.0,8,0,3
CUST00797,Loyal Customers,9,5,2975.27,0.0,0.264,0.0,0.0,7,1,2
CUST00798,Loyal Customers,57,10,6339.86,0.0,0.278,1.0,1.0,8,1,5
CUST00799,Dormant Customers,56,6,3798.88,0.0,0.2816666666666667,1.0,1.0,2,0,3
CUST00800,Loyal Customers,12,10,9558.37,0.2,0.18,4.0,0.75,7,2,5
CUST00801,Dormant Customers,76,3,3345.79,0.0,0.26,1.0,1.0,1,0,3
CUST00802,Dormant Customers,201,1,1787.0,0.0,0.28,0.0,0.0,1,0,1
CUST00803,Loyal Customers,53,7,5289.43,0.0,0.24571428571428572,1.0,1.0,2,2,4
CUST00804,Dormant Customers,14,1,969.91,0.0,0.22,0.0,0.0,7,1,1
CUST00805,Dormant Customers,41,1,780.79,0.0,0.11,0.0,0.0,8,0,1
CUST00806,Discount Sensitive,21,1,976.95,0.0,0.46,0.0,0.0,11,0,1
CUST00807,Dormant Customers,112,2,1827.0300000000002,0.0,0.19,0.0,0.0,4,0,2
CUST00808,Discount Sensitive,53,5,2738.81,0.2,0.4,2.0,1.0,16,0,3
CUST00809,Dormant Customers,22,3,1886.26,0.3333333333333333,0.3133333333333333,2.0,1.0,12,4,2
CUST00810,Discount Sensitive,217,1,528.93,0.0,0.37,0.0,0.0,0,2,1
CUST00811,Loyal Customers,184,6,3477.9399999999996,0.0,0.3983333333333334,0.0,0.0,2,1,3
CUST00812,Dormant Customers,189,1,383.16,0.0,0.25,0.0,0.0,0,0,1
CUST00813,Champions,5,9,9628.83,0.0,0.18666666666666668,4.0,0.75,11,3,3
CUST00814,Dormant Customers,88,3,3998.29,0.0,0.2733333333333334,0.0,0.0,14,0,3
CUST00815,Dormant Customers,137,3,3282.1400000000003,0.0,0.20333333333333334,2.0,0.5,3,0,2
CUST00816,Dormant Customers,59,2,2688.92,0.0,0.3,1.0,1.0,7,1,2
CUST00817,Champions,9,14,11008.85,0.0,0.32642857142857146,1.0,1.0,13,2,5
CUST00818,Dormant Customers,147,1,988.84,0.0,0.12,1.0,1.0,1,0,1
CUST00819,Dormant Customers,28,4,2164.49,0.0,0.1775,1.0,1.0,5,0,2
CUST00820,Discount Sensitive,189,2,935.6700000000001,0.0,0.44,0.0,0.0,4,2,2
CUST00821,Dormant Customers,94,3,1248.56,0.3333333333333333,0.29666666666666663,2.0,0.5,6,0,2
CUST00822,Dormant Customers,76,6,4218.62,0.0,0.3183333333333333,1.0,0.0,10,0,3
CUST00823,Dormant Customers,146,8,3291.63,0.25,0.24625,3.0,0.6666666666666666,2,0,2
CUST00824,Dormant Customers,4,4,2566.4900000000002,0.0,0.18,0.0,0.0,4,0,3
CUST00825,Dormant Customers,97,1,410.77,0.0,0.25,0.0,0.0,3,3,1
CUST00826,High Value But Unhappy,158,10,8171.4,0.0,0.332,2.0,0.0,9,0,5
CUST00827,Dormant Customers,57,1,1699.04,0.0,0.16,0.0,0.0,4,2,1
CUST00828,Discount Sensitive,90,1,355.91,0.0,0.39,0.0,0.0,5,0,1
CUST00829,Loyal Customers,62,10,6268.52,0.0,0.316,1.0,1.0,9,3,3
CUST00830,Discount Sensitive,19,3,1613.9499999999998,0.0,0.38999999999999996,0.0,0.0,11,1,3
CUST00831,Discount Sensitive,6,2,994.8299999999999,0.0,0.375,2.0,1.0,11,1,2
CUST00832,Dormant Customers,0,1,716.8,0.0,0.16,0.0,0.0,9,3,1
CUST00833,Discount Sensitive,67,1,1142.84,0.0,0.49,0.0,0.0,6,0,1
CUST00834,Discount Sensitive,2,4,2049.66,0.0,0.48,1.0,0.0,6,0,3
CUST00835,High Value But Unhappy,157,9,6888.030000000001,0.1111111111111111,0.27555555555555555,1.0,1.0,8,0,5
CUST00836,Dormant Customers,9,2,1640.21,0.0,0.29,0.0,0.0,7,0,2
CUST00837,Discount Sensitive,15,3,2428.7799999999997,0.0,0.38666666666666666,0.0,0.0,7,1,2
CUST00838,Champions,9,6,4291.93,0.0,0.2866666666666667,2.0,1.0,11,1,3
CUST00839,Dormant Customers,162,3,1996.99,0.0,0.15333333333333332,0.0,0.0,2,0,3
CUST00840,High Value But Unhappy,58,10,9432.94,0.0,0.26999999999999996,4.0,1.0,3,0,3
CUST00841,High Value But Unhappy,99,8,6838.26,0.125,0.185,2.0,1.0,2,0,4
CUST00842,High Value But Unhappy,71,5,5478.280000000001,0.0,0.258,1.0,1.0,1,0,3
CUST00843,Discount Sensitive,45,1,803.69,1.0,0.4,1.0,1.0,1,2,1
CUST00844,Dormant Customers,19,1,410.24,0.0,0.32,0.0,0.0,1,1,1
CUST00845,Dormant Customers,96,4,2758.2200000000003,0.0,0.31,2.0,1.0,4,0,3
CUST00846,High Value But Unhappy,41,9,7260.82,0.1111111111111111,0.18000000000000002,2.0,1.0,15,0,5
CUST00847,Champions,4,6,6336.01,0.0,0.355,2.0,0.5,12,5,4
CUST00848,Dormant Customers,4,2,1094.36,0.0,0.28,0.0,0.0,8,1,1
CUST00849,Champions,6,7,4218.23,0.0,0.29571428571428576,0.0,0.0,9,2,5
CUST00850,Dormant Customers,7,2,2278.0299999999997,0.5,0.355,1.0,1.0,5,0,2
CUST00851,Dormant Customers,0,2,1188.6200000000001,0.5,0.275,1.0,1.0,8,0,2
CUST00852,Dormant Customers,66,3,1379.6599999999999,0.0,0.32,0.0,0.0,1,1,2
CUST00853,Discount Sensitive,61,1,318.94,0.0,0.47,1.0,1.0,9,0,1
CUST00854,Dormant Customers,279,3,2249.63,0.0,0.2733333333333334,0.0,0.0,1,0,3
CUST00855,Discount Sensitive,292,1,613.47,0.0,0.43,0.0,0.0,1,0,1
CUST00856,Dormant Customers,135,1,2235.84,0.0,0.19,1.0,0.0,1,3,1
CUST00857,Loyal Customers,67,5,5033.19,0.2,0.286,3.0,1.0,3,1,4
CUST00858,Dormant Customers,90,3,2363.5299999999997,0.0,0.21333333333333335,0.0,0.0,1,0,3
CUST00859,Dormant Customers,169,4,2159.64,0.0,0.3075,0.0,0.0,10,2,4
CUST00860,Dormant Customers,79,1,1472.26,0.0,0.27,1.0,1.0,7,4,1
CUST00861,Dormant Customers,170,3,1530.88,0.0,0.31666666666666665,1.0,1.0,3,2,3
CUST00862,Dormant Customers,453,4,3934.7400000000002,0.0,0.235,0.0,0.0,2,0,4
CUST00863,Dormant Customers,25,4,2928.87,0.0,0.2275,0.0,0.0,6,0,3
CUST00864,Dormant Customers,138,2,1042.98,0.0,0.265,2.0,0.5,2,1,2
CUST00865,Discount Sensitive,50,2,1503.1100000000001,0.0,0.38,1.0,1.0,10,2,2
CUST00866,Dormant Customers,26,1,1280.71,0.0,0.06,0.0,0.0,5,0,1
CUST00867,Discount Sensitive,15,1,424.64,0.0,0.55,1.0,1.0,6,0,1
CUST00868,Discount Sensitive,20,1,832.57,0.0,0.4,0.0,0.0,14,1,1
CUST00869,Dormant Customers,93,7,4021.25,0.14285714285714285,0.32857142857142857,2.0,1.0,0,0,4
CUST00870,High Value But Unhappy,86,7,5454.610000000001,0.0,0.2914285714285714,1.0,1.0,13,0,4
CUST00871,High Value But Unhappy,122,8,7332.96,0.0,0.20625,2.0,0.0,3,0,5
CUST00872,Dormant Customers,125,3,1959.48,0.0,0.26666666666666666,0.0,0.0,6,2,3
CUST00873,Dormant Customers,3,4,4213.62,0.0,0.1975,0.0,0.0,2,0,3
CUST00874,Dormant Customers,21,1,511.56,0.0,0.24,0.0,0.0,7,0,1
CUST00875,Dormant Customers,30,1,363.1,0.0,0.31,0.0,0.0,1,0,1
CUST00876,Discount Sensitive,36,3,1392.13,0.0,0.4166666666666667,2.0,1.0,6,1,3
CUST00877,Dormant Customers,63,3,1904.33,0.0,0.18333333333333335,1.0,1.0,7,0,1
CUST00878,Dormant Customers,134,2,2578.68,0.0,0.13,0.0,0.0,12,1,2
CUST00879,At-Risk High Value,155,6,5967.77,0.0,0.20833333333333334,0.0,0.0,4,0,3
CUST00880,Dormant Customers,16,4,2399.63,0.25,0.19999999999999998,1.0,1.0,11,0,3
CUST00881,Dormant Customers,4,8,9492.15,0.0,0.21375,0.0,0.0,6,0,4
CUST00882,Dormant Customers,85,2,894.79,0.0,0.225,1.0,0.0,2,0,2
CUST00883,Dormant Customers,126,3,6706.94,0.0,0.07666666666666667,0.0,0.0,1,1,3
CUST00884,Dormant Customers,271,1,365.93,0.0,0.26,0.0,0.0,1,0,1
CUST00885,Loyal Customers,31,8,6880.8099999999995,0.125,0.21625,2.0,0.5,10,1,4
CUST00886,Dormant Customers,1,5,2647.05,0.2,0.316,3.0,1.0,3,0,4
CUST00887,Dormant Customers,9,3,2344.2,0.0,0.30333333333333334,2.0,1.0,0,2,3
CUST00888,Discount Sensitive,108,3,2556.74,0.0,0.3666666666666667,0.0,0.0,0,1,3
CUST00889,Discount Sensitive,44,3,2012.98,0.3333333333333333,0.3866666666666667,1.0,1.0,2,0,3
CUST00890,Dormant Customers,24,1,631.59,0.0,0.06,1.0,0.0,1,0,1
CUST00891,Dormant Customers,13,3,3475.43,0.0,0.3433333333333333,0.0,0.0,0,0,2
CUST00892,Discount Sensitive,9,1,360.98,0.0,0.48,0.0,0.0,5,1,1
CUST00893,Dormant Customers,99,2,2269.27,0.0,0.34,0.0,0.0,5,0,1
CUST00894,Dormant Customers,25,2,1903.85,0.0,0.31,2.0,1.0,2,0,2
CUST00895,Discount Sensitive,54,4,1415.7,0.0,0.3725,1.0,1.0,14,1,3
CUST00896,Loyal Customers,10,9,7413.08,0.1111111111111111,0.23555555555555557,2.0,1.0,3,1,4
CUST00897,Dormant Customers,13,1,584.95,0.0,0.11,0.0,0.0,3,1,1
CUST00898,Loyal Customers,339,6,4353.639999999999,0.16666666666666666,0.305,1.0,1.0,2,1,3
CUST00899,Dormant Customers,187,1,574.65,1.0,0.18,1.0,1.0,4,0,1
CUST00900,Dormant Customers,58,2,1242.65,0.0,0.25,1.0,1.0,1,1,2
CUST00901,Dormant Customers,35,4,2025.21,0.0,0.245,3.0,0.3333333333333333,9,0,2
CUST00902,Dormant Customers,6,1,1318.64,0.0,0.29,0.0,0.0,5,1,1
CUST00903,Dormant Customers,42,1,632.18,0.0,0.34,1.0,1.0,13,0,1
CUST00904,Loyal Customers,41,7,5113.860000000001,0.2857142857142857,0.2757142857142857,4.0,1.0,7,2,6
CUST00905,Loyal Customers,30,5,5594.75,0.0,0.304,2.0,1.0,11,1,4
CUST00906,Discount Sensitive,38,2,1449.41,0.0,0.395,0.0,0.0,3,0,2
CUST00907,Discount Sensitive,220,3,2874.51,0.0,0.37333333333333335,2.0,1.0,2,0,2
CUST00908,Dormant Customers,27,2,2799.02,0.0,0.21,1.0,1.0,3,2,1
CUST00909,Discount Sensitive,185,1,615.14,1.0,0.49,1.0,1.0,0,0,1
CUST00910,Discount Sensitive,127,1,1239.32,0.0,0.39,1.0,1.0,3,1,1
CUST00911,High Value But Unhappy,30,9,5240.42,0.1111111111111111,0.28111111111111114,1.0,1.0,2,0,6
CUST00912,Dormant Customers,138,2,1516.54,0.0,0.315,0.0,0.0,0,2,2
CUST00913,Discount Sensitive,183,3,1818.9,0.0,0.37333333333333335,1.0,1.0,1,1,3
CUST00914,Discount Sensitive,36,3,1633.9099999999999,0.0,0.4266666666666667,0.0,0.0,13,0,2
CUST00915,Dormant Customers,113,4,2277.22,0.0,0.25,2.0,0.5,1,0,4
CUST00916,Loyal Customers,20,5,4003.46,0.2,0.202,2.0,0.5,9,1,3
CUST00917,Dormant Customers,286,3,1704.79,0.0,0.2833333333333333,1.0,1.0,1,1,3
CUST00918,Discount Sensitive,236,2,1142.22,0.0,0.38,1.0,0.0,1,0,2
CUST00919,Dormant Customers,10,2,1976.3400000000001,0.0,0.23,1.0,1.0,13,0,2
CUST00920,Dormant Customers,66,4,3650.77,0.5,0.27749999999999997,2.0,1.0,12,3,3
CUST00921,Dormant Customers,195,1,1335.06,1.0,0.1,1.0,1.0,3,0,1
CUST00922,Dormant Customers,11,1,1131.6,0.0,0.19,0.0,0.0,9,3,1
CUST00923,High Value But Unhappy,57,7,4149.83,0.0,0.27714285714285714,2.0,0.5,8,0,5
CUST00924,Dormant Customers,44,4,3018.21,0.0,0.3525,0.0,0.0,1,1,3
CUST00925,Dormant Customers,44,1,464.59,0.0,0.3,1.0,1.0,6,0,1
CUST00926,Dormant Customers,1,3,1704.96,0.0,0.21,1.0,1.0,5,0,2
CUST00927,Discount Sensitive,343,1,617.86,0.0,0.36,0.0,0.0,1,0,1
CUST00928,Discount Sensitive,229,1,325.55,0.0,0.53,0.0,0.0,1,2,1
CUST00929,Dormant Customers,43,1,325.51,0.0,0.11,0.0,0.0,5,1,1
CUST00930,Dormant Customers,59,4,2336.4900000000002,0.25,0.355,1.0,1.0,9,0,3
CUST00931,Discount Sensitive,30,1,1030.44,0.0,0.36,0.0,0.0,11,0,1
CUST00932,Dormant Customers,83,1,688.68,1.0,0.2,1.0,1.0,12,0,1
CUST00933,Dormant Customers,205,3,2102.12,0.0,0.22666666666666666,0.0,0.0,0,0,2
CUST00934,Loyal Customers,44,10,6237.47,0.1,0.258,3.0,0.3333333333333333,4,1,4
CUST00935,Dormant Customers,28,5,3594.4,0.0,0.352,0.0,0.0,7,0,2
CUST00936,Dormant Customers,35,2,2188.31,0.0,0.18,1.0,1.0,3,1,2
CUST00937,Loyal Customers,126,5,3342.44,0.0,0.16999999999999998,1.0,1.0,2,2,3
CUST00938,High Value But Unhappy,26,3,4729.23,0.0,0.2933333333333334,1.0,1.0,2,0,3
CUST00939,Dormant Customers,9,1,560.91,0.0,0.18,0.0,0.0,7,2,1
CUST00940,Dormant Customers,236,2,1727.24,1.0,0.14500000000000002,2.0,1.0,0,0,2
CUST00941,Loyal Customers,183,5,3758.0600000000004,0.0,0.294,2.0,1.0,6,1,4
CUST00942,Dormant Customers,7,1,407.18,1.0,0.35,1.0,1.0,4,1,1
CUST00943,Dormant Customers,346,5,3965.95,0.0,0.304,0.0,0.0,2,0,4
CUST00944,Loyal Customers,74,6,4456.65,0.16666666666666666,0.24833333333333332,1.0,1.0,1,1,3
CUST00945,Dormant Customers,4,1,1143.18,0.0,0.14,0.0,0.0,5,0,1
CUST00946,Discount Sensitive,173,1,542.29,0.0,0.39,0.0,0.0,4,5,1
CUST00947,High Value But Unhappy,41,9,8603.45,0.1111111111111111,0.16333333333333333,2.0,1.0,0,0,4
CUST00948,Dormant Customers,79,1,923.64,0.0,0.1,0.0,0.0,11,0,1
CUST00949,Dormant Customers,130,2,1269.04,0.0,0.14500000000000002,0.0,0.0,2,0,2
CUST00950,Dormant Customers,209,3,3765.9,0.0,0.16666666666666666,1.0,1.0,5,0,3
CUST00951,Dormant Customers,62,1,602.19,0.0,0.12,0.0,0.0,6,2,1
CUST00952,Loyal Customers,42,8,4710.47,0.0,0.33625,0.0,0.0,16,4,5
CUST00953,Discount Sensitive,9,3,1925.94,0.3333333333333333,0.38999999999999996,1.0,1.0,5,2,3
CUST00954,Discount Sensitive,25,2,769.86,0.0,0.475,0.0,0.0,12,2,2
CUST00955,Dormant Customers,63,2,748.92,0.0,0.145,0.0,0.0,4,0,2
CUST00956,Loyal Customers,31,7,5800.25,0.0,0.3028571428571429,2.0,1.0,10,1,2
CUST00957,Dormant Customers,37,3,1481.5,0.3333333333333333,0.26,1.0,1.0,5,0,3
CUST00958,Dormant Customers,160,2,1033.42,0.0,0.27,1.0,0.0,2,0,2
CUST00959,Dormant Customers,63,7,3865.13,0.14285714285714285,0.3085714285714286,1.0,1.0,0,0,3
CUST00960,Dormant Customers,146,4,3772.4900000000002,0.25,0.2125,2.0,0.5,1,0,3
CUST00961,High Value But Unhappy,151,6,4247.5599999999995,0.16666666666666666,0.35333333333333333,1.0,1.0,2,0,5
CUST00962,Dormant Customers,22,1,349.41,1.0,0.26,1.0,1.0,9,0,1
CUST00963,Dormant Customers,103,1,641.2,0.0,0.34,0.0,0.0,9,1,1
CUST00964,Dormant Customers,219,3,2167.08,0.0,0.25,0.0,0.0,0,0,3
CUST00965,Dormant Customers,8,2,507.14,0.0,0.31,2.0,0.5,5,0,1
CUST00966,Dormant Customers,40,1,2196.79,0.0,0.3,1.0,0.0,4,2,1
CUST00967,Dormant Customers,218,2,2065.27,0.5,0.29000000000000004,1.0,1.0,2,0,2
CUST00968,High Value But Unhappy,98,6,6505.79,0.0,0.29,1.0,1.0,12,0,3
CUST00969,Dormant Customers,31,4,2654.59,0.0,0.3025,1.0,1.0,14,4,3
CUST00970,Discount Sensitive,188,3,1607.64,0.0,0.41,1.0,0.0,6,3,2
CUST00971,Loyal Customers,62,8,5099.62,0.0,0.285,1.0,1.0,20,2,5
CUST00972,Loyal Customers,64,5,5941.2,0.0,0.27799999999999997,1.0,1.0,5,4,4
CUST00973,Dormant Customers,22,7,2980.9700000000003,0.0,0.27285714285714285,2.0,0.5,4,0,3
CUST00974,Dormant Customers,79,5,3559.55,0.2,0.264,2.0,1.0,11,0,2
CUST00975,Dormant Customers,50,4,2517.6099999999997,0.0,0.3075,0.0,0.0,11,0,3
CUST00976,Champions,5,7,5735.389999999999,0.14285714285714285,0.33,2.0,1.0,9,3,5
CUST00977,Dormant Customers,5,2,1375.4499999999998,0.0,0.255,0.0,0.0,9,2,2
CUST00978,Discount Sensitive,307,1,725.16,0.0,0.38,1.0,1.0,0,0,1
CUST00979,High Value But Unhappy,103,8,6304.8099999999995,0.0,0.27999999999999997,1.0,1.0,5,0,5
CUST00980,Dormant Customers,81,1,492.33,0.0,0.26,0.0,0.0,4,1,1
CUST00981,High Value But Unhappy,103,8,6263.0,0.0,0.31125,1.0,1.0,6,0,5
CUST00982,Dormant Customers,90,4,1862.8899999999999,0.0,0.32999999999999996,3.0,1.0,4,2,3
CUST00983,Dormant Customers,256,2,1982.29,0.0,0.10500000000000001,1.0,0.0,1,0,2
CUST00984,Dormant Customers,44,2,1055.25,0.0,0.22999999999999998,0.0,0.0,3,0,1
CUST00985,Dormant Customers,85,1,734.6,0.0,0.15,1.0,1.0,5,0,1
CUST00986,Dormant Customers,62,5,3357.17,0.0,0.33799999999999997,0.0,0.0,1,0,3
CUST00987,High Value But Unhappy,7,5,5784.1,0.0,0.3,1.0,1.0,2,0,3
CUST00988,Dormant Customers,3,6,4188.58,0.0,0.18666666666666668,0.0,0.0,3,0,3
CUST00989,At-Risk High Value,158,5,4165.87,0.0,0.22999999999999998,0.0,0.0,0,0,2
CUST00990,High Value But Unhappy,167,8,6096.85,0.125,0.31125,2.0,1.0,6,0,4
CUST00991,Loyal Customers,41,11,11394.83,0.0,0.24181818181818182,2.0,1.0,9,1,6
CUST00992,Loyal Customers,272,5,4442.45,0.0,0.322,0.0,0.0,6,3,5
CUST00993,At-Risk High Value,164,7,6785.33,0.0,0.10714285714285714,1.0,0.0,1,0,5
CUST00994,Loyal Customers,52,5,4659.69,0.0,0.366,0.0,0.0,8,1,3
CUST00995,Dormant Customers,159,4,2523.84,0.0,0.33,0.0,0.0,6,1,2
CUST00996,Dormant Customers,8,6,3267.7200000000003,0.0,0.17833333333333334,3.0,0.6666666666666666,14,0,3
CUST00997,Dormant Customers,180,1,325.85,0.0,0.33,1.0,1.0,4,1,1
CUST00998,Dormant Customers,63,4,3519.26,0.0,0.2,0.0,0.0,6,0,3
CUST00999,Loyal Customers,148,7,4930.56,0.0,0.30428571428571427,2.0,0.5,0,1,4
CUST01000,Dormant Customers,52,3,2789.66,0.0,0.3066666666666667,1.0,1.0,3,0,3
CUST01001,Loyal Customers,313,5,4064.54,0.0,0.22800000000000004,0.0,0.0,1,2,2
CUST01002,Dormant Customers,71,5,2761.33,0.0,0.22199999999999998,0.0,0.0,11,0,3
CUST01003,Dormant Customers,138,1,944.62,0.0,0.32,1.0,1.0,6,0,1
CUST01004,High Value But Unhappy,215,7,5599.9,0.0,0.3385714285714286,1.0,1.0,1,0,4
CUST01005,Dormant Customers,144,1,1329.67,0.0,0.18,1.0,0.0,4,0,1
CUST01006,Dormant Customers,4,1,404.58,0.0,0.2,0.0,0.0,3,0,1
CUST01007,Dormant Customers,86,4,1916.8200000000002,0.0,0.3125,1.0,1.0,5,2,3
CUST01008,Dormant Customers,269,1,473.15,0.0,0.1,0.0,0.0,1,0,1
CUST01009,Dormant Customers,41,1,334.39,0.0,0.32,0.0,0.0,7,0,1
CUST01010,Dormant Customers,22,1,531.29,0.0,0.25,0.0,0.0,3,0,1
CUST01011,Dormant Customers,365,4,1951.66,0.0,0.265,0.0,0.0,4,0,3
CUST01012,Dormant Customers,30,4,2561.7,0.25,0.1625,2.0,1.0,7,0,3
CUST01013,Dormant Customers,307,2,1302.3899999999999,0.5,0.255,1.0,1.0,0,0,2
CUST01014,Loyal Customers,137,7,3972.09,0.0,0.26857142857142857,1.0,1.0,1,1,4
CUST01015,Dormant Customers,39,3,1760.74,0.0,0.09333333333333334,1.0,1.0,12,1,3
CUST01016,Dormant Customers,0,2,879.1499999999999,0.0,0.245,0.0,0.0,6,0,2
CUST01017,High Value But Unhappy,133,5,4886.54,0.2,0.258,2.0,1.0,3,0,4
CUST01018,Discount Sensitive,4,1,403.76,0.0,0.36,1.0,0.0,10,1,1
CUST01019,Discount Sensitive,290,2,1151.0900000000001,0.0,0.38,1.0,1.0,4,3,1
CUST01020,Dormant Customers,131,1,236.73,0.0,0.33,0.0,0.0,1,0,1
CUST01021,Discount Sensitive,15,2,1013.42,0.5,0.36,1.0,1.0,6,2,1
CUST01022,Discount Sensitive,252,2,1528.4,0.0,0.455,1.0,1.0,0,0,2
CUST01023,Dormant Customers,204,1,948.21,0.0,0.24,0.0,0.0,8,0,1
CUST01024,Dormant Customers,20,1,370.39,0.0,0.31,0.0,0.0,10,2,1
CUST01025,Loyal Customers,29,5,6092.71,0.2,0.182,2.0,1.0,20,5,5
CUST01026,Discount Sensitive,65,2,759.58,0.0,0.41500000000000004,1.0,1.0,9,1,2
CUST01027,High Value But Unhappy,58,4,4029.9500000000003,0.0,0.175,2.0,1.0,11,0,3
CUST01028,Dormant Customers,173,1,2809.6,0.0,0.26,0.0,0.0,6,0,1
CUST01029,Discount Sensitive,110,3,1246.4,0.0,0.36999999999999994,2.0,0.5,3,0,3
CUST01030,Loyal Customers,32,11,8329.47,0.0,0.2381818181818182,0.0,0.0,10,2,6
CUST01031,Discount Sensitive,174,5,3089.5600000000004,0.0,0.406,1.0,0.0,4,0,3
CUST01032,Discount Sensitive,11,1,624.38,0.0,0.41,0.0,0.0,5,2,1
CUST01033,Loyal Customers,14,10,5486.38,0.2,0.37,4.0,0.75,4,1,4
CUST01034,Loyal Customers,100,9,5240.5599999999995,0.0,0.2922222222222222,0.0,0.0,9,2,5
CUST01035,Loyal Customers,5,7,3702.49,0.14285714285714285,0.4271428571428571,1.0,1.0,5,1,4
CUST01036,Dormant Customers,141,6,5297.63,0.0,0.17166666666666666,0.0,0.0,8,0,3
CUST01037,Discount Sensitive,8,1,681.83,0.0,0.37,0.0,0.0,6,0,1
CUST01038,Dormant Customers,52,4,1834.46,0.0,0.2375,1.0,1.0,4,1,3
CUST01039,Dormant Customers,129,3,1893.67,0.3333333333333333,0.25666666666666665,2.0,0.5,12,1,2
CUST01040,Dormant Customers,130,1,594.23,0.0,0.31,1.0,0.0,1,0,1
CUST01041,Dormant Customers,164,1,149.0,0.0,0.35,0.0,0.0,1,0,1
CUST01042,Dormant Customers,0,1,610.96,0.0,0.25,0.0,0.0,10,1,1
CUST01043,Discount Sensitive,74,1,464.25,0.0,0.62,0.0,0.0,1,0,1
CUST01044,Dormant Customers,84,1,2141.49,0.0,0.22,0.0,0.0,2,0,1
CUST01045,Dormant Customers,143,2,1560.91,0.0,0.22,0.0,0.0,4,0,2
CUST01046,Dormant Customers,105,1,1032.89,0.0,0.1,1.0,1.0,1,0,1
CUST01047,Dormant Customers,149,1,389.07,0.0,0.22,0.0,0.0,2,0,1
CUST01048,Dormant Customers,128,1,616.59,0.0,0.05,1.0,1.0,8,0,1
CUST01049,Dormant Customers,144,1,345.2,0.0,0.11,0.0,0.0,6,1,1
CUST01050,Dormant Customers,5,2,1629.56,0.0,0.095,0.0,0.0,8,0,2
CUST01051,Discount Sensitive,103,2,1390.63,0.0,0.38,1.0,1.0,7,3,2
CUST01052,Dormant Customers,173,1,763.75,0.0,0.05,0.0,0.0,7,0,1
CUST01053,Dormant Customers,146,2,2622.57,0.0,0.205,1.0,0.0,0,0,1
CUST01054,Discount Sensitive,176,5,2628.9300000000003,0.0,0.378,2.0,1.0,1,0,3
CUST01055,High Value But Unhappy,206,4,4625.5599999999995,0.25,0.17500000000000002,1.0,1.0,12,3,4
CUST01056,High Value But Unhappy,64,6,4860.58,0.3333333333333333,0.20833333333333334,2.0,1.0,3,0,5
CUST01057,Dormant Customers,2,1,916.36,0.0,0.18,1.0,1.0,3,2,1
CUST01058,Dormant Customers,110,3,1535.77,0.0,0.23666666666666666,2.0,0.5,1,1,2
CUST01059,Dormant Customers,146,1,601.72,0.0,0.31,1.0,1.0,5,0,1
CUST01060,Dormant Customers,52,2,1762.54,0.0,0.265,1.0,0.0,2,0,2
CUST01061,Discount Sensitive,2,3,1789.86,0.0,0.43,0.0,0.0,11,1,3
CUST01062,Loyal Customers,294,5,2991.27,0.0,0.194,2.0,1.0,1,2,4
CUST01063,Discount Sensitive,20,1,259.22,1.0,0.5,1.0,1.0,2,1,1
CUST01064,Dormant Customers,6,2,898.3599999999999,0.0,0.155,0.0,0.0,9,0,2
CUST01065,Discount Sensitive,3,2,1035.32,0.0,0.375,1.0,1.0,4,0,2
CUST01066,Dormant Customers,11,1,816.92,0.0,0.23,0.0,0.0,2,2,1
CUST01067,Dormant Customers,25,2,1043.57,0.0,0.28,1.0,1.0,3,0,2
CUST01068,Dormant Customers,130,5,3945.95,0.0,0.292,0.0,0.0,2,0,3
CUST01069,Dormant Customers,55,1,1446.51,0.0,0.26,0.0,0.0,3,1,1
CUST01070,Loyal Customers,11,8,5227.41,0.0,0.26625,2.0,1.0,1,1,4
CUST01071,Dormant Customers,14,1,690.61,0.0,0.17,0.0,0.0,7,1,1
CUST01072,Dormant Customers,183,1,377.27,1.0,0.3,1.0,1.0,8,3,1
CUST01073,High Value But Unhappy,80,3,4033.7000000000003,0.3333333333333333,0.14333333333333334,2.0,0.5,5,0,2
CUST01074,Dormant Customers,114,3,1784.42,0.0,0.24,0.0,0.0,12,0,2
CUST01075,Dormant Customers,26,2,1464.29,1.0,0.065,2.0,0.5,1,0,2
CUST01076,Dormant Customers,83,6,2467.42,0.0,0.33166666666666667,1.0,1.0,2,0,5
CUST01077,Discount Sensitive,68,1,1080.77,0.0,0.45,0.0,0.0,1,0,1
CUST01078,Dormant Customers,156,2,777.22,0.0,0.24,1.0,0.0,2,1,1
CUST01079,Dormant Customers,177,1,1832.92,0.0,0.1,0.0,0.0,5,0,1
CUST01080,Discount Sensitive,117,3,1250.62,0.3333333333333333,0.37000000000000005,2.0,1.0,0,1,2
CUST01081,High Value But Unhappy,19,4,4027.1899999999996,0.25,0.24,1.0,1.0,0,1,3
CUST01082,Dormant Customers,35,1,1181.66,0.0,0.34,0.0,0.0,4,0,1
CUST01083,Dormant Customers,236,2,767.05,0.0,0.35,0.0,0.0,1,2,2
CUST01084,High Value But Unhappy,76,8,4552.1900000000005,0.0,0.2525,1.0,1.0,3,0,5
CUST01085,Dormant Customers,358,1,1786.06,0.0,0.35,0.0,0.0,1,1,1
CUST01086,Dormant Customers,71,5,3512.67,0.2,0.354,3.0,1.0,8,0,4
CUST01087,Dormant Customers,2,1,839.43,1.0,0.3,1.0,1.0,2,1,1
CUST01088,Discount Sensitive,0,1,361.44,0.0,0.42,0.0,0.0,8,1,1
CUST01089,Discount Sensitive,25,1,337.51,0.0,0.43,0.0,0.0,2,0,1
CUST01090,Dormant Customers,144,2,1200.77,0.0,0.21000000000000002,0.0,0.0,1,0,2
CUST01091,Dormant Customers,87,1,505.4,0.0,0.29,1.0,1.0,7,0,1
CUST01092,High Value But Unhappy,196,9,7556.9,0.0,0.2833333333333333,2.0,1.0,2,0,3
CUST01093,Dormant Customers,285,3,1477.44,0.0,0.33666666666666667,1.0,1.0,5,0,2
CUST01094,High Value But Unhappy,72,6,4050.79,0.0,0.235,3.0,0.6666666666666666,1,0,3
CUST01095,Dormant Customers,41,2,1152.1100000000001,0.0,0.325,0.0,0.0,2,1,2
CUST01096,Champions,3,6,4814.21,0.16666666666666666,0.19666666666666666,2.0,0.5,10,2,4
CUST01097,Dormant Customers,233,5,2841.22,0.0,0.25,0.0,0.0,4,0,4
CUST01098,Dormant Customers,198,2,1964.25,0.0,0.33499999999999996,1.0,1.0,3,0,2
CUST01099,Champions,14,10,6243.88,0.0,0.327,0.0,0.0,9,2,5
CUST01100,Discount Sensitive,24,1,491.36,0.0,0.36,0.0,0.0,3,0,1
CUST01101,Dormant Customers,10,1,732.91,0.0,0.13,0.0,0.0,2,0,1
CUST01102,Dormant Customers,79,7,4318.54,0.0,0.22714285714285715,0.0,0.0,7,0,5
CUST01103,Dormant Customers,76,4,2384.85,0.0,0.175,1.0,1.0,0,1,3
CUST01104,Discount Sensitive,99,4,2069.01,0.0,0.3875,1.0,1.0,8,0,3
CUST01105,Dormant Customers,84,3,1353.63,0.0,0.21,1.0,1.0,6,1,3
CUST01106,Dormant Customers,81,1,1006.69,0.0,0.03,0.0,0.0,14,2,1
CUST01107,Dormant Customers,91,2,980.0699999999999,0.0,0.32,1.0,0.0,2,0,2
CUST01108,Dormant Customers,40,4,2883.75,0.0,0.3275,1.0,1.0,2,0,3
CUST01109,Discount Sensitive,25,1,304.94,0.0,0.44,0.0,0.0,7,1,1
CUST01110,Discount Sensitive,260,6,3554.06,0.0,0.37333333333333335,1.0,1.0,1,0,3
CUST01111,Loyal Customers,95,7,7703.55,0.0,0.2742857142857143,3.0,1.0,1,1,4
CUST01112,Dormant Customers,57,4,2800.7700000000004,0.0,0.3425,2.0,0.5,5,1,3
CUST01113,Discount Sensitive,107,4,1674.12,0.25,0.445,2.0,1.0,8,0,3
CUST01114,Dormant Customers,147,1,831.94,0.0,0.34,0.0,0.0,1,0,1
CUST01115,High Value But Unhappy,17,10,6722.41,0.1,0.29,5.0,0.6,4,0,4
CUST01116,Dormant Customers,54,1,2054.97,0.0,0.24,1.0,1.0,7,0,1
CUST01117,Dormant Customers,42,8,5543.8,0.0,0.275,0.0,0.0,7,0,5
CUST01118,Loyal Customers,170,5,2165.5,0.2,0.32999999999999996,2.0,1.0,0,1,3
CUST01119,Discount Sensitive,124,1,654.67,0.0,0.36,0.0,0.0,4,0,1
CUST01120,Dormant Customers,61,3,2357.69,0.3333333333333333,0.18333333333333335,1.0,1.0,7,2,2
CUST01121,Discount Sensitive,88,1,149.0,0.0,0.64,0.0,0.0,0,0,1
CUST01122,Dormant Customers,6,1,1209.05,0.0,0.23,0.0,0.0,7,0,1
CUST01123,Dormant Customers,182,2,958.69,0.5,0.27,2.0,1.0,1,0,2
CUST01124,At-Risk High Value,172,9,5960.1,0.0,0.34777777777777774,0.0,0.0,9,0,5
CUST01125,Loyal Customers,245,5,4034.96,0.2,0.288,3.0,1.0,2,1,5
CUST01126,Dormant Customers,16,2,2073.54,0.0,0.30500000000000005,0.0,0.0,11,1,1
CUST01127,Dormant Customers,130,2,774.6899999999999,0.0,0.325,0.0,0.0,1,0,2
CUST01128,Dormant Customers,182,1,1108.73,0.0,0.21,0.0,0.0,4,0,1
CUST01129,Discount Sensitive,157,1,675.97,0.0,0.39,0.0,0.0,7,0,1
CUST01130,Dormant Customers,99,4,2506.58,0.0,0.3225,2.0,1.0,6,0,4
CUST01131,Dormant Customers,22,4,3713.8100000000004,0.0,0.27749999999999997,3.0,0.6666666666666666,4,2,4
CUST01132,Champions,4,6,5419.860000000001,0.0,0.215,0.0,0.0,17,2,3
CUST01133,Dormant Customers,36,2,779.1500000000001,0.0,0.30000000000000004,0.0,0.0,9,0,2
CUST01134,High Value But Unhappy,78,6,5861.26,0.0,0.2916666666666667,2.0,0.5,13,0,3
CUST01135,Dormant Customers,93,3,3302.06,0.0,0.2733333333333334,0.0,0.0,2,0,3
CUST01136,Dormant Customers,97,7,3931.0,0.14285714285714285,0.2642857142857143,5.0,1.0,1,0,4
CUST01137,Discount Sensitive,115,3,1483.05,0.3333333333333333,0.4466666666666667,3.0,0.6666666666666666,9,0,2
CUST01138,Dormant Customers,134,5,2475.44,0.0,0.23399999999999999,1.0,0.0,2,0,3
CUST01139,Dormant Customers,21,1,2270.63,0.0,0.28,0.0,0.0,4,0,1
CUST01140,Dormant Customers,22,6,4791.77,0.0,0.285,1.0,0.0,3,0,4
CUST01141,Dormant Customers,115,1,691.6,0.0,0.19,1.0,0.0,2,0,1
CUST01142,Dormant Customers,40,2,1015.4200000000001,0.0,0.26,0.0,0.0,19,1,2
CUST01143,Discount Sensitive,0,1,438.47,0.0,0.4,0.0,0.0,1,0,1
CUST01144,Dormant Customers,38,3,3548.18,0.3333333333333333,0.3233333333333333,1.0,0.0,6,0,2
CUST01145,Dormant Customers,183,3,1800.48,0.0,0.20333333333333334,1.0,1.0,2,1,2
CUST01146,Dormant Customers,23,6,5057.68,0.0,0.3383333333333334,0.0,0.0,12,0,4
CUST01147,Discount Sensitive,1,5,3143.68,0.2,0.374,2.0,1.0,12,0,3
CUST01148,High Value But Unhappy,128,9,6527.14,0.1111111111111111,0.1388888888888889,3.0,0.6666666666666666,1,0,5
CUST01149,Discount Sensitive,72,6,3722.95,0.0,0.41500000000000004,1.0,1.0,0,0,4
CUST01150,Dormant Customers,167,5,2478.69,0.2,0.31599999999999995,1.0,1.0,3,0,2
CUST01151,Dormant Customers,105,4,3131.54,0.0,0.155,1.0,1.0,1,1,3
CUST01152,Champions,1,7,6158.0599999999995,0.0,0.21142857142857144,1.0,1.0,9,0,4
CUST01153,Discount Sensitive,33,1,714.43,1.0,0.4,1.0,1.0,7,1,1
CUST01154,Dormant Customers,55,4,2889.22,0.0,0.335,0.0,0.0,11,3,4
CUST01155,Discount Sensitive,1,4,2257.0899999999997,0.5,0.3875,2.0,1.0,12,0,3
CUST01156,Discount Sensitive,7,4,2151.96,0.0,0.3775,0.0,0.0,5,0,3
CUST01157,Loyal Customers,0,5,3696.5,0.4,0.26,2.0,0.5,7,1,4
CUST01158,Dormant Customers,42,3,3891.19,0.0,0.21,1.0,0.0,11,0,3
CUST01159,Dormant Customers,68,5,3132.18,0.0,0.314,2.0,1.0,2,0,3
CUST01160,Discount Sensitive,166,3,1700.8000000000002,0.0,0.43,1.0,1.0,2,0,3
CUST01161,High Value But Unhappy,154,5,4953.99,0.2,0.21600000000000003,2.0,0.0,5,0,3
CUST01162,Dormant Customers,175,2,2483.96,0.0,0.155,0.0,0.0,1,0,1
CUST01163,Dormant Customers,375,1,379.14,0.0,0.2,1.0,1.0,3,0,1
CUST01164,Discount Sensitive,37,1,965.68,0.0,0.52,0.0,0.0,15,0,1
CUST01165,Dormant Customers,155,2,1690.75,0.0,0.265,0.0,0.0,5,0,2
CUST01166,Dormant Customers,41,4,3104.76,0.25,0.1875,2.0,1.0,2,0,2
CUST01167,Dormant Customers,23,8,5924.16,0.0,0.31375,1.0,0.0,3,0,6
CUST01168,Dormant Customers,14,1,510.5,0.0,0.3,0.0,0.0,8,2,1
CUST01169,Discount Sensitive,54,1,1183.74,1.0,0.36,1.0,1.0,13,5,1
CUST01170,Dormant Customers,139,2,1210.01,0.0,0.24000000000000002,1.0,0.0,2,0,2
CUST01171,Discount Sensitive,132,1,744.73,0.0,0.51,0.0,0.0,3,0,1
CUST01172,Dormant Customers,27,9,7960.78,0.0,0.2811111111111111,0.0,0.0,4,0,4
CUST01173,Dormant Customers,78,5,3912.61,0.0,0.22200000000000003,1.0,1.0,9,0,4
CUST01174,Dormant Customers,89,3,1722.3700000000001,0.0,0.25,1.0,1.0,10,1,1
CUST01175,Loyal Customers,48,8,5633.0,0.0,0.27,0.0,0.0,9,1,6
CUST01176,Discount Sensitive,215,1,149.0,0.0,0.51,0.0,0.0,6,1,1
CUST01177,Dormant Customers,56,3,2144.58,0.0,0.27666666666666667,0.0,0.0,0,0,3
CUST01178,Dormant Customers,67,3,1298.14,0.0,0.32,0.0,0.0,10,1,2
CUST01179,Dormant Customers,108,1,536.83,0.0,0.2,0.0,0.0,5,0,1
CUST01180,Dormant Customers,23,2,2328.54,1.0,0.255,2.0,1.0,2,1,2
CUST01181,Dormant Customers,137,1,296.32,0.0,0.3,1.0,0.0,2,0,1
CUST01182,Dormant Customers,108,4,3106.33,0.0,0.245,0.0,0.0,8,0,2
CUST01183,Dormant Customers,6,3,1498.98,0.3333333333333333,0.21,1.0,1.0,0,0,2
CUST01184,Dormant Customers,30,4,2161.4,0.0,0.265,0.0,0.0,5,1,3
CUST01185,Loyal Customers,23,6,5763.86,0.0,0.20833333333333334,2.0,1.0,1,2,4
CUST01186,Dormant Customers,153,3,2962.35,0.0,0.21666666666666667,1.0,0.0,1,0,2
CUST01187,Discount Sensitive,26,3,1729.96,0.0,0.39666666666666667,1.0,1.0,3,0,3
CUST01188,Discount Sensitive,92,2,688.52,0.5,0.5700000000000001,2.0,1.0,14,3,2
CUST01189,Dormant Customers,161,3,3126.0299999999997,0.0,0.14333333333333334,1.0,0.0,7,0,2
CUST01190,Dormant Customers,27,4,2968.92,0.0,0.3275,0.0,0.0,3,0,3
CUST01191,Discount Sensitive,52,1,510.71,0.0,0.57,0.0,0.0,1,0,1
CUST01192,Dormant Customers,24,4,2428.7599999999998,0.0,0.14250000000000002,0.0,0.0,11,0,3
CUST01193,Dormant Customers,457,1,270.13,0.0,0.32,0.0,0.0,0,0,1
CUST01194,Dormant Customers,85,3,1852.1599999999999,0.3333333333333333,0.33,2.0,0.5,2,1,3
CUST01195,Dormant Customers,94,1,542.27,1.0,0.23,1.0,1.0,4,0,1
CUST01196,Dormant Customers,111,3,3110.08,0.3333333333333333,0.34,1.0,1.0,9,1,2
CUST01197,Discount Sensitive,77,2,406.22,0.0,0.46,0.0,0.0,3,3,1
CUST01198,Dormant Customers,31,1,592.73,0.0,0.32,1.0,0.0,5,0,1
CUST01199,Dormant Customers,359,3,2144.4,0.3333333333333333,0.25666666666666665,1.0,1.0,1,0,3
CUST01200,Dormant Customers,58,1,524.27,0.0,0.02,0.0,0.0,5,1,1
CUST01201,High Value But Unhappy,158,7,5885.4,0.0,0.21285714285714286,4.0,1.0,7,0,5
CUST01202,Dormant Customers,132,1,650.67,0.0,0.3,0.0,0.0,10,3,1
CUST01203,Discount Sensitive,60,2,584.44,0.0,0.385,1.0,0.0,4,0,1
CUST01204,High Value But Unhappy,81,7,4565.2699999999995,0.0,0.3085714285714286,2.0,1.0,0,0,4
CUST01205,Discount Sensitive,262,4,1861.62,0.0,0.4175,0.0,0.0,1,0,3
CUST01206,Dormant Customers,73,1,819.46,0.0,0.16,0.0,0.0,10,0,1
CUST01207,Discount Sensitive,110,2,638.4200000000001,0.0,0.37,0.0,0.0,0,0,2
CUST01208,Dormant Customers,95,3,1407.5300000000002,0.0,0.27999999999999997,0.0,0.0,1,2,3
CUST01209,Loyal Customers,14,6,2839.8,0.16666666666666666,0.3016666666666667,1.0,1.0,5,1,3
CUST01210,Dormant Customers,266,1,429.55,0.0,0.34,0.0,0.0,0,1,1
CUST01211,Loyal Customers,5,5,3668.5099999999998,0.2,0.394,4.0,0.25,8,1,4
CUST01212,Loyal Customers,20,6,5551.95,0.3333333333333333,0.3933333333333333,2.0,1.0,0,1,4
CUST01213,Dormant Customers,163,1,492.41,0.0,0.21,1.0,1.0,3,1,1
CUST01214,Dormant Customers,124,4,5584.12,0.0,0.2,0.0,0.0,2,0,3
CUST01215,Dormant Customers,80,4,3464.2299999999996,0.0,0.2,0.0,0.0,0,2,3
CUST01216,Dormant Customers,107,1,1022.33,0.0,0.35,0.0,0.0,10,2,1
CUST01217,Dormant Customers,163,2,1295.0,0.0,0.20500000000000002,0.0,0.0,6,0,1
CUST01218,Dormant Customers,0,5,3872.15,0.0,0.276,1.0,1.0,6,0,3
CUST01219,Dormant Customers,86,2,832.04,0.0,0.35,2.0,0.5,5,0,1
CUST01220,Dormant Customers,98,1,1095.74,0.0,0.23,0.0,0.0,1,0,1
CUST01221,Dormant Customers,13,1,405.2,0.0,0.33,0.0,0.0,6,0,1
CUST01222,Dormant Customers,18,1,1199.39,0.0,0.04,0.0,0.0,0,1,1
CUST01223,Dormant Customers,118,6,3738.91,0.0,0.29,1.0,0.0,1,0,3
CUST01224,Dormant Customers,33,1,1005.1,0.0,0.33,0.0,0.0,7,2,1
CUST01225,Dormant Customers,97,1,620.28,0.0,0.03,1.0,1.0,3,0,1
CUST01226,Dormant Customers,37,4,2967.87,0.5,0.3025,2.0,1.0,6,0,4
CUST01227,Dormant Customers,43,5,2824.19,0.2,0.284,1.0,1.0,8,0,3
CUST01228,Dormant Customers,212,4,2998.23,0.0,0.10750000000000001,0.0,0.0,1,0,2
CUST01229,Dormant Customers,147,4,1965.74,0.25,0.235,1.0,1.0,5,0,3
CUST01230,Dormant Customers,112,2,1398.63,0.0,0.28,0.0,0.0,2,0,1
CUST01231,Dormant Customers,226,1,872.98,0.0,0.07,0.0,0.0,0,0,1
CUST01232,Dormant Customers,183,2,906.6800000000001,0.0,0.185,0.0,0.0,8,0,2
CUST01233,High Value But Unhappy,64,7,6627.36,0.0,0.2414285714285714,1.0,1.0,8,0,3
CUST01234,Dormant Customers,115,3,2999.91,0.0,0.2733333333333334,0.0,0.0,3,1,3
CUST01235,Loyal Customers,161,5,3111.29,0.0,0.174,0.0,0.0,3,1,3
CUST01236,High Value But Unhappy,6,10,5515.45,0.0,0.31799999999999995,1.0,1.0,8,0,4
CUST01237,Dormant Customers,103,3,1474.19,0.0,0.34,1.0,1.0,1,0,3
CUST01238,Loyal Customers,68,6,4787.57,0.0,0.2866666666666667,1.0,1.0,1,1,4
CUST01239,Dormant Customers,193,1,592.44,0.0,0.2,0.0,0.0,7,0,1
CUST01240,Dormant Customers,19,1,434.11,0.0,0.34,0.0,0.0,10,2,1
CUST01241,Dormant Customers,38,1,185.08,0.0,0.28,0.0,0.0,9,0,1
CUST01242,Loyal Customers,29,9,10650.67,0.1111111111111111,0.2677777777777778,2.0,0.5,0,2,6
CUST01243,Dormant Customers,74,3,1470.48,0.0,0.2966666666666667,1.0,1.0,8,0,1
CUST01244,Dormant Customers,34,5,3977.53,0.0,0.16999999999999998,1.0,1.0,7,0,4
CUST01245,Dormant Customers,255,2,1283.42,0.0,0.16499999999999998,0.0,0.0,2,0,2
CUST01246,Dormant Customers,262,3,2938.8999999999996,0.0,0.33666666666666667,1.0,1.0,1,3,3
CUST01247,Dormant Customers,3,1,1439.66,0.0,0.24,1.0,1.0,12,2,1
CUST01248,Dormant Customers,103,1,1386.38,0.0,0.31,0.0,0.0,5,1,1
CUST01249,Dormant Customers,57,4,2733.47,0.0,0.2025,0.0,0.0,12,4,3
CUST01250,Dormant Customers,175,1,612.27,0.0,0.34,1.0,1.0,0,2,1
CUST01251,Loyal Customers,52,11,6352.58,0.18181818181818182,0.33,4.0,1.0,3,1,3
CUST01252,Discount Sensitive,38,4,2575.58,0.0,0.365,0.0,0.0,1,0,4
CUST01253,Dormant Customers,99,2,2035.62,0.0,0.15,0.0,0.0,13,1,2
CUST01254,Discount Sensitive,76,2,2465.71,0.0,0.44499999999999995,1.0,1.0,3,0,1
CUST01255,Dormant Customers,78,1,2060.75,0.0,0.11,1.0,1.0,8,0,1
CUST01256,Dormant Customers,286,1,564.83,0.0,0.21,1.0,1.0,3,1,1
CUST01257,Dormant Customers,27,5,3430.98,0.2,0.316,2.0,0.5,4,0,3
CUST01258,High Value But Unhappy,250,7,4454.38,0.0,0.35000000000000003,1.0,1.0,7,0,5
CUST01259,High Value But Unhappy,94,6,4645.31,0.3333333333333333,0.3066666666666667,3.0,0.6666666666666666,0,0,5
CUST01260,Dormant Customers,9,1,913.67,0.0,0.02,0.0,0.0,4,0,1
CUST01261,Dormant Customers,18,1,345.05,0.0,0.28,0.0,0.0,1,0,1
CUST01262,Discount Sensitive,25,1,195.09,0.0,0.57,0.0,0.0,11,2,1
CUST01263,Loyal Customers,32,9,6440.45,0.1111111111111111,0.28444444444444444,3.0,0.6666666666666666,5,1,5
CUST01264,Dormant Customers,51,2,2890.16,0.0,0.28,0.0,0.0,6,1,2
CUST01265,Discount Sensitive,15,2,1398.17,0.0,0.42000000000000004,0.0,0.0,12,0,2
CUST01266,High Value But Unhappy,51,6,4779.33,0.16666666666666666,0.11,2.0,1.0,8,0,4
CUST01267,Loyal Customers,58,8,5703.88,0.0,0.1975,1.0,1.0,2,1,4
CUST01268,Loyal Customers,19,7,6083.44,0.14285714285714285,0.19,2.0,1.0,5,2,3
CUST01269,Dormant Customers,57,1,534.09,0.0,0.08,0.0,0.0,4,1,1
CUST01270,Discount Sensitive,57,1,309.87,0.0,0.43,1.0,1.0,4,0,1
CUST01271,Dormant Customers,12,1,529.98,0.0,0.31,0.0,0.0,8,0,1
CUST01272,Dormant Customers,44,1,1860.0,0.0,0.27,0.0,0.0,1,0,1
CUST01273,Dormant Customers,149,2,1602.01,0.0,0.315,1.0,1.0,1,0,2
CUST01274,High Value But Unhappy,25,7,5246.08,0.0,0.3657142857142857,3.0,0.6666666666666666,15,0,3
CUST01275,Dormant Customers,34,3,2647.93,0.0,0.26666666666666666,1.0,0.0,14,2,3
CUST01276,Dormant Customers,120,4,2151.47,0.25,0.33,1.0,1.0,3,0,3
CUST01277,Loyal Customers,99,5,3500.13,0.0,0.31,0.0,0.0,6,2,4
CUST01278,Dormant Customers,65,4,2385.52,0.25,0.25,1.0,1.0,1,0,3
CUST01279,Dormant Customers,101,1,1494.42,1.0,0.35,1.0,1.0,3,1,1
CUST01280,Dormant Customers,35,8,8071.46,0.0,0.3025,0.0,0.0,5,0,5
CUST01281,Dormant Customers,215,3,1971.02,0.0,0.3233333333333333,0.0,0.0,4,0,3
CUST01282,Dormant Customers,78,1,499.65,0.0,0.2,1.0,0.0,5,0,1
CUST01283,High Value But Unhappy,40,10,6697.49,0.1,0.31999999999999995,3.0,1.0,7,0,5
CUST01284,High Value But Unhappy,192,5,4033.89,0.0,0.336,1.0,1.0,1,0,4
CUST01285,High Value But Unhappy,124,8,6478.76,0.0,0.255,1.0,1.0,3,0,4
CUST01286,Dormant Customers,226,3,2241.96,0.0,0.26,0.0,0.0,2,0,2
CUST01287,Discount Sensitive,89,3,1584.08,0.0,0.36999999999999994,1.0,0.0,3,0,3
CUST01288,Discount Sensitive,132,1,486.14,0.0,0.38,0.0,0.0,0,0,1
CUST01289,Dormant Customers,3,1,742.76,0.0,0.18,0.0,0.0,9,2,1
CUST01290,Dormant Customers,53,2,1164.42,0.0,0.26,0.0,0.0,9,0,2
CUST01291,Dormant Customers,193,4,2476.76,0.25,0.28250000000000003,1.0,1.0,3,0,3
CUST01292,Dormant Customers,41,2,2412.52,0.0,0.155,0.0,0.0,3,0,1
CUST01293,High Value But Unhappy,15,7,5039.13,0.0,0.2657142857142857,1.0,1.0,0,0,3
CUST01294,Discount Sensitive,3,1,750.26,0.0,0.45,0.0,0.0,9,0,1
CUST01295,High Value But Unhappy,121,4,12408.61,0.25,0.155,1.0,1.0,11,0,3
CUST01296,Dormant Customers,16,2,1024.56,0.0,0.355,0.0,0.0,2,0,2
CUST01297,Dormant Customers,2,4,1798.5700000000002,0.0,0.27,2.0,1.0,6,0,3
CUST01298,Dormant Customers,329,4,1161.46,0.25,0.3525,1.0,1.0,0,0,2
CUST01299,Dormant Customers,171,3,2011.06,0.0,0.20333333333333337,0.0,0.0,8,0,3
CUST01300,Dormant Customers,46,7,4203.76,0.0,0.33428571428571424,1.0,0.0,10,0,3
CUST01301,Discount Sensitive,85,4,1662.8999999999999,0.0,0.38,2.0,0.5,4,0,3
CUST01302,Loyal Customers,1,8,6399.610000000001,0.0,0.2425,0.0,0.0,8,2,3
CUST01303,Dormant Customers,20,2,1442.63,0.0,0.28,2.0,0.5,3,0,1
CUST01304,Dormant Customers,27,5,2476.58,0.0,0.238,1.0,1.0,8,0,4
CUST01305,Discount Sensitive,50,1,311.4,0.0,0.45,0.0,0.0,8,0,1
CUST01306,Loyal Customers,54,6,7388.34,0.16666666666666666,0.24,1.0,0.0,2,2,3
CUST01307,Dormant Customers,234,2,1179.22,0.0,0.22,0.0,0.0,4,2,1
CUST01308,Dormant Customers,119,3,2085.04,0.0,0.24666666666666667,0.0,0.0,5,1,2
CUST01309,Discount Sensitive,73,6,3102.24,0.0,0.4083333333333334,0.0,0.0,2,0,3
CUST01310,Loyal Customers,139,5,4044.83,0.0,0.266,3.0,0.6666666666666666,8,1,2
CUST01311,Dormant Customers,43,5,3799.01,0.0,0.33199999999999996,1.0,1.0,1,0,3
CUST01312,Dormant Customers,14,5,4551.03,0.0,0.21600000000000003,0.0,0.0,5,0,4
CUST01313,Dormant Customers,4,6,7482.84,0.0,0.26666666666666666,1.0,0.0,6,0,4
CUST01314,High Value But Unhappy,1,5,4109.4400000000005,0.2,0.246,2.0,0.5,5,0,4
CUST01315,Dormant Customers,222,1,473.31,0.0,0.29,0.0,0.0,1,0,1
CUST01316,Dormant Customers,120,1,407.44,0.0,0.25,1.0,1.0,13,2,1
CUST01317,Dormant Customers,256,4,3389.0,0.0,0.185,0.0,0.0,1,0,3
CUST01318,Dormant Customers,130,2,911.45,0.0,0.1,0.0,0.0,2,1,1
CUST01319,Discount Sensitive,111,1,336.29,0.0,0.48,0.0,0.0,10,1,1
CUST01320,Dormant Customers,150,3,1828.6799999999998,0.3333333333333333,0.18999999999999997,1.0,1.0,6,1,2
CUST01321,Loyal Customers,99,6,2320.32,0.16666666666666666,0.3183333333333333,3.0,1.0,12,2,3
CUST01322,Dormant Customers,96,4,3476.6,0.0,0.2525,0.0,0.0,2,0,3
CUST01323,Discount Sensitive,276,3,1273.29,0.0,0.43333333333333335,0.0,0.0,3,0,3
CUST01324,Dormant Customers,227,1,967.23,0.0,0.14,0.0,0.0,1,1,1
CUST01325,High Value But Unhappy,186,5,5492.81,0.0,0.22400000000000003,2.0,0.5,1,0,3
CUST01326,Dormant Customers,131,3,4393.63,0.0,0.35000000000000003,0.0,0.0,3,0,2
CUST01327,Loyal Customers,83,5,6114.08,0.0,0.22799999999999998,0.0,0.0,10,2,2
CUST01328,Dormant Customers,54,2,2001.3,0.0,0.235,0.0,0.0,5,0,1
CUST01329,Dormant Customers,61,3,1252.03,0.3333333333333333,0.2866666666666667,1.0,1.0,5,0,3
CUST01330,High Value But Unhappy,3,5,5048.89,0.0,0.22600000000000003,1.0,1.0,6,0,4
CUST01331,Champions,14,6,5693.12,0.0,0.2833333333333333,2.0,0.5,10,1,5
CUST01332,Dormant Customers,17,4,3364.3,0.0,0.28,0.0,0.0,7,0,2
CUST01333,Dormant Customers,47,1,420.65,0.0,0.18,0.0,0.0,2,1,1
CUST01334,Dormant Customers,160,4,2962.17,0.0,0.1625,1.0,0.0,1,0,2
CUST01335,High Value But Unhappy,75,5,4082.9100000000003,0.0,0.25,1.0,1.0,6,0,3
CUST01336,Dormant Customers,1,2,910.6700000000001,0.0,0.22999999999999998,0.0,0.0,0,0,2
CUST01337,Dormant Customers,49,1,793.95,0.0,0.32,0.0,0.0,14,1,1
CUST01338,Discount Sensitive,7,1,232.88,1.0,0.43,1.0,1.0,14,0,1
CUST01339,Dormant Customers,162,1,450.33,0.0,0.26,1.0,0.0,3,0,1
CUST01340,Dormant Customers,76,1,624.33,0.0,0.07,0.0,0.0,5,0,1
CUST01341,Dormant Customers,38,1,395.13,0.0,0.23,0.0,0.0,5,0,1
CUST01342,Dormant Customers,84,3,2125.98,0.0,0.2966666666666667,0.0,0.0,10,0,3
CUST01343,Dormant Customers,4,6,3668.71,0.0,0.18666666666666668,1.0,1.0,3,0,4
CUST01344,Dormant Customers,395,1,1054.04,0.0,0.28,0.0,0.0,3,0,1
CUST01345,Dormant Customers,38,1,2465.11,0.0,0.26,0.0,0.0,7,0,1
CUST01346,Loyal Customers,38,10,6605.54,0.0,0.363,2.0,0.5,5,1,5
CUST01347,Discount Sensitive,128,1,316.63,0.0,0.39,0.0,0.0,3,0,1
CUST01348,Dormant Customers,140,4,2160.61,0.25,0.245,1.0,1.0,3,0,3
CUST01349,Dormant Customers,83,2,2446.67,0.0,0.20500000000000002,0.0,0.0,0,2,2
CUST01350,Dormant Customers,190,2,1242.73,0.0,0.215,1.0,1.0,1,0,1
CUST01351,Discount Sensitive,30,1,542.87,1.0,0.42,1.0,1.0,7,0,1
CUST01352,High Value But Unhappy,123,7,5877.57,0.14285714285714285,0.3614285714285714,2.0,1.0,1,0,4
CUST01353,Dormant Customers,73,1,597.26,0.0,0.23,1.0,1.0,1,1,1
CUST01354,Dormant Customers,2,2,1041.99,0.0,0.355,1.0,0.0,10,0,2
CUST01355,Dormant Customers,88,1,547.04,0.0,0.3,0.0,0.0,2,0,1
CUST01356,Dormant Customers,42,2,1149.21,0.0,0.265,1.0,1.0,0,0,2
CUST01357,Dormant Customers,126,6,4681.22,0.0,0.35000000000000003,0.0,0.0,2,0,3
CUST01358,Dormant Customers,18,1,862.52,0.0,0.32,0.0,0.0,14,3,1
CUST01359,Loyal Customers,106,5,3628.17,0.0,0.274,3.0,1.0,3,1,5
CUST01360,Loyal Customers,160,8,12310.69,0.0,0.395,2.0,0.0,6,2,6
CUST01361,Dormant Customers,5,1,805.77,0.0,0.21,0.0,0.0,6,0,1
CUST01362,Dormant Customers,80,4,2803.19,0.0,0.32,2.0,1.0,16,1,3
CUST01363,Dormant Customers,83,4,3031.55,0.0,0.295,0.0,0.0,7,2,3
CUST01364,Dormant Customers,148,1,1261.0,0.0,0.2,0.0,0.0,3,0,1
CUST01365,Discount Sensitive,247,2,749.98,0.0,0.36,0.0,0.0,1,0,1
CUST01366,Discount Sensitive,98,6,3862.08,0.0,0.4466666666666666,1.0,1.0,4,0,4
CUST01367,Dormant Customers,56,1,363.62,0.0,0.23,1.0,1.0,8,1,1
CUST01368,Dormant Customers,308,1,498.64,0.0,0.33,0.0,0.0,8,3,1
CUST01369,Dormant Customers,24,1,477.43,1.0,0.2,1.0,1.0,10,2,1
CUST01370,Dormant Customers,161,3,3575.2599999999998,0.0,0.18333333333333335,0.0,0.0,2,0,3
CUST01371,Dormant Customers,8,2,2334.49,0.0,0.225,1.0,1.0,6,0,1
CUST01372,Dormant Customers,71,1,366.8,1.0,0.1,1.0,1.0,5,0,1
CUST01373,Discount Sensitive,45,1,291.54,0.0,0.6,0.0,0.0,4,0,1
CUST01374,Dormant Customers,88,1,282.0,0.0,0.19,0.0,0.0,5,0,1
CUST01375,Dormant Customers,64,3,2044.1399999999999,0.0,0.21,0.0,0.0,4,3,2
CUST01376,Dormant Customers,34,1,541.57,0.0,0.02,0.0,0.0,6,0,1
CUST01377,Discount Sensitive,9,1,387.27,0.0,0.39,1.0,1.0,10,0,1
CUST01378,Dormant Customers,117,1,348.74,0.0,0.16,0.0,0.0,14,0,1
CUST01379,Dormant Customers,186,1,2392.34,0.0,0.0,0.0,0.0,6,1,1
CUST01380,Loyal Customers,44,5,2855.06,0.0,0.316,1.0,1.0,1,1,4
CUST01381,Champions,2,8,5555.42,0.0,0.24125000000000002,0.0,0.0,11,3,6
CUST01382,Dormant Customers,4,3,1589.74,0.3333333333333333,0.16666666666666666,1.0,1.0,5,1,3
CUST01383,Dormant Customers,13,4,2106.63,0.0,0.1975,1.0,1.0,14,0,2
CUST01384,High Value But Unhappy,145,6,7520.42,0.16666666666666666,0.2733333333333334,2.0,1.0,5,0,3
CUST01385,Loyal Customers,0,5,2613.37,0.2,0.372,1.0,1.0,10,4,4
CUST01386,High Value But Unhappy,14,6,7173.83,0.16666666666666666,0.2316666666666667,4.0,1.0,5,0,3
CUST01387,Dormant Customers,128,7,6963.04,0.0,0.23,0.0,0.0,2,0,4
CUST01388,Dormant Customers,70,2,3498.38,0.0,0.305,0.0,0.0,1,0,2
CUST01389,Dormant Customers,70,4,2967.57,0.0,0.23,1.0,1.0,5,2,4
CUST01390,Dormant Customers,9,4,3249.7799999999997,0.0,0.1325,0.0,0.0,11,1,3
CUST01391,Dormant Customers,94,3,3715.46,0.0,0.16,1.0,0.0,11,1,3
CUST01392,Dormant Customers,16,1,1415.53,0.0,0.25,0.0,0.0,2,1,1
CUST01393,Dormant Customers,85,4,2203.42,0.0,0.26,0.0,0.0,0,1,4
CUST01394,Champions,16,5,5665.21,0.0,0.372,0.0,0.0,15,1,3
CUST01395,Dormant Customers,32,6,6043.93,0.0,0.3466666666666667,0.0,0.0,4,0,4
CUST01396,Dormant Customers,127,1,826.44,0.0,0.35,1.0,0.0,2,0,1
CUST01397,Champions,4,7,6176.97,0.0,0.18571428571428572,1.0,1.0,12,0,5
CUST01398,Dormant Customers,57,1,1672.19,1.0,0.12,1.0,1.0,6,0,1
CUST01399,Loyal Customers,19,7,4005.24,0.14285714285714285,0.35428571428571426,2.0,1.0,10,1,5
CUST01400,Dormant Customers,134,2,863.9,0.0,0.195,0.0,0.0,1,0,2
CUST01401,Dormant Customers,75,2,1991.48,0.0,0.19,0.0,0.0,3,0,2
CUST01402,Dormant Customers,254,2,1474.48,0.0,0.265,1.0,1.0,0,2,2
CUST01403,Dormant Customers,329,4,2287.41,0.0,0.14,0.0,0.0,1,0,2
CUST01404,Loyal Customers,202,9,6788.52,0.1111111111111111,0.22333333333333336,2.0,1.0,12,1,4
CUST01405,Dormant Customers,140,3,2413.52,0.0,0.3133333333333333,0.0,0.0,2,0,2
CUST01406,At-Risk High Value,222,5,5888.31,0.0,0.21400000000000002,1.0,0.0,2,0,2
CUST01407,Dormant Customers,139,3,1992.79,0.0,0.18333333333333335,2.0,1.0,3,0,2
CUST01408,Discount Sensitive,307,2,792.08,0.0,0.41000000000000003,0.0,0.0,0,0,2
CUST01409,Discount Sensitive,26,5,3035.77,0.2,0.388,2.0,1.0,1,0,2
CUST01410,Discount Sensitive,146,8,6063.07,0.0,0.3875,1.0,0.0,11,0,5
CUST01411,Discount Sensitive,183,5,3777.5,0.0,0.398,2.0,0.5,0,0,4
CUST01412,Dormant Customers,91,1,348.68,0.0,0.34,0.0,0.0,9,0,1
CUST01413,Dormant Customers,234,1,623.43,0.0,0.2,0.0,0.0,2,0,1
CUST01414,Dormant Customers,30,4,2862.6,0.0,0.225,2.0,1.0,10,1,3
CUST01415,Dormant Customers,9,1,509.5,0.0,0.29,0.0,0.0,9,0,1
CUST01416,Loyal Customers,50,6,4155.25,0.5,0.24833333333333332,5.0,0.8,11,2,5
CUST01417,Dormant Customers,149,7,3650.18,0.0,0.27714285714285714,2.0,0.5,3,0,4
CUST01418,Discount Sensitive,176,2,1190.06,0.0,0.42500000000000004,0.0,0.0,10,1,2
CUST01419,Dormant Customers,41,3,2210.94,0.0,0.3066666666666667,0.0,0.0,1,0,2
CUST01420,Dormant Customers,67,4,4338.21,0.0,0.3225,1.0,0.0,14,1,4
CUST01421,Dormant Customers,46,1,1155.37,1.0,0.25,1.0,1.0,16,0,1
CUST01422,Dormant Customers,58,4,2154.09,0.25,0.16,1.0,1.0,3,0,2
CUST01423,Dormant Customers,41,2,840.3499999999999,0.0,0.29000000000000004,0.0,0.0,5,0,1
CUST01424,Discount Sensitive,93,1,2318.97,0.0,0.43,0.0,0.0,3,0,1
CUST01425,Dormant Customers,48,1,1148.76,0.0,0.32,0.0,0.0,3,1,1
CUST01426,Dormant Customers,24,1,872.32,0.0,0.28,0.0,0.0,8,0,1
CUST01427,Champions,5,7,4513.07,0.14285714285714285,0.40857142857142853,4.0,1.0,11,2,4
CUST01428,Discount Sensitive,51,1,888.61,1.0,0.41,1.0,1.0,15,1,1
CUST01429,Loyal Customers,53,6,4315.58,0.16666666666666666,0.38166666666666665,3.0,1.0,4,2,3
CUST01430,Dormant Customers,5,3,2362.84,0.3333333333333333,0.26666666666666666,3.0,0.3333333333333333,11,0,3
CUST01431,Dormant Customers,12,2,2482.59,0.5,0.16999999999999998,1.0,1.0,6,1,2
CUST01432,Dormant Customers,102,3,1075.54,0.0,0.20666666666666667,1.0,0.0,2,0,2
CUST01433,Discount Sensitive,108,4,2386.67,0.25,0.37,1.0,1.0,8,0,3
CUST01434,Discount Sensitive,5,6,2875.38,0.16666666666666666,0.45999999999999996,2.0,1.0,6,0,3
CUST01435,Dormant Customers,186,1,2210.82,0.0,0.12,0.0,0.0,0,0,1
CUST01436,Dormant Customers,20,2,2235.76,0.0,0.31,0.0,0.0,18,1,2
CUST01437,High Value But Unhappy,246,5,4720.65,0.2,0.196,3.0,1.0,2,0,3
CUST01438,Dormant Customers,157,2,2087.95,0.0,0.305,0.0,0.0,0,0,2
CUST01439,High Value But Unhappy,0,8,8418.470000000001,0.0,0.21,2.0,1.0,7,0,4
CUST01440,High Value But Unhappy,6,6,7345.46,0.3333333333333333,0.25,3.0,1.0,3,0,2
CUST01441,Discount Sensitive,322,1,472.82,0.0,0.38,0.0,0.0,1,2,1
CUST01442,Dormant Customers,105,4,3545.52,0.25,0.185,3.0,0.6666666666666666,9,1,3
CUST01443,Dormant Customers,20,6,5784.09,0.0,0.22666666666666666,0.0,0.0,1,0,2
CUST01444,Discount Sensitive,32,2,1096.85,0.0,0.375,0.0,0.0,2,1,2
CUST01445,High Value But Unhappy,115,10,6651.53,0.1,0.316,1.0,1.0,2,0,5
CUST01446,Dormant Customers,132,3,2796.4,0.0,0.11,0.0,0.0,5,0,3
CUST01447,Dormant Customers,18,4,2901.61,0.0,0.235,0.0,0.0,13,0,3
CUST01448,Dormant Customers,233,2,1268.95,0.5,0.325,1.0,1.0,1,0,2
CUST01449,Dormant Customers,3,2,874.09,0.0,0.315,1.0,1.0,5,2,2
CUST01450,Dormant Customers,126,6,3188.3,0.16666666666666666,0.2633333333333333,1.0,1.0,2,0,4
CUST01451,Discount Sensitive,34,2,2411.76,0.0,0.43,1.0,1.0,13,0,2
CUST01452,Dormant Customers,116,4,5779.52,0.0,0.205,0.0,0.0,10,0,4
CUST01453,Dormant Customers,82,4,4084.96,0.0,0.295,1.0,0.0,7,1,4
CUST01454,Dormant Customers,70,3,2311.4700000000003,0.0,0.31666666666666665,1.0,1.0,2,2,3
CUST01455,Discount Sensitive,335,3,1376.1200000000001,0.0,0.37000000000000005,1.0,0.0,0,0,3
CUST01456,Dormant Customers,17,1,1158.71,0.0,0.2,1.0,0.0,7,0,1
CUST01457,At-Risk High Value,248,4,4798.75,0.0,0.3275,0.0,0.0,0,0,3
CUST01458,Dormant Customers,52,1,1462.88,0.0,0.13,0.0,0.0,1,0,1
CUST01459,Dormant Customers,68,6,4817.95,0.0,0.15333333333333335,0.0,0.0,4,0,3
CUST01460,Dormant Customers,128,4,2187.99,0.0,0.20750000000000002,1.0,0.0,4,0,4
CUST01461,Dormant Customers,107,3,1996.1999999999998,0.0,0.24,0.0,0.0,3,0,3
CUST01462,Dormant Customers,80,2,635.48,0.0,0.27,0.0,0.0,3,0,2
CUST01463,Dormant Customers,356,2,987.71,0.5,0.3,1.0,1.0,1,0,1
CUST01464,Dormant Customers,42,2,1743.4,0.0,0.25,0.0,0.0,13,3,1
CUST01465,Dormant Customers,10,2,670.57,0.0,0.33499999999999996,0.0,0.0,16,0,1
CUST01466,Dormant Customers,56,4,2864.6,0.25,0.21250000000000002,2.0,1.0,2,1,3
CUST01467,Dormant Customers,89,2,649.13,0.0,0.29,0.0,0.0,5,0,1
CUST01468,Discount Sensitive,166,1,1034.31,0.0,0.38,0.0,0.0,4,0,1
CUST01469,Dormant Customers,44,1,1313.43,0.0,0.17,0.0,0.0,0,1,1
CUST01470,Dormant Customers,241,4,2987.34,0.0,0.325,2.0,0.5,1,0,4
CUST01471,Discount Sensitive,77,6,3471.86,0.0,0.4066666666666667,3.0,0.6666666666666666,8,0,4
CUST01472,Loyal Customers,0,8,4686.9800000000005,0.0,0.3325,2.0,1.0,3,1,4
CUST01473,Dormant Customers,48,4,2917.27,0.0,0.265,0.0,0.0,5,1,4
CUST01474,Dormant Customers,61,2,959.29,0.5,0.205,2.0,1.0,8,0,2
CUST01475,Dormant Customers,114,1,650.36,0.0,0.27,1.0,1.0,0,0,1
CUST01476,Dormant Customers,127,3,1923.93,0.0,0.2066666666666667,2.0,1.0,0,0,3
CUST01477,Loyal Customers,55,5,3440.74,0.0,0.346,2.0,1.0,3,2,2
CUST01478,Dormant Customers,40,5,5291.51,0.0,0.134,1.0,0.0,10,0,4
CUST01479,Discount Sensitive,42,4,1777.74,0.0,0.4275,0.0,0.0,0,1,2
CUST01480,Dormant Customers,347,1,682.11,0.0,0.06,0.0,0.0,3,0,1
CUST01481,Dormant Customers,122,4,3016.96,0.0,0.2375,1.0,0.0,4,1,4
CUST01482,Loyal Customers,158,5,5965.95,0.0,0.246,1.0,0.0,1,1,2
CUST01483,Dormant Customers,7,8,3817.9,0.125,0.27999999999999997,2.0,1.0,5,0,4
CUST01484,Dormant Customers,111,3,1606.77,0.0,0.27,0.0,0.0,1,0,3
CUST01485,Dormant Customers,69,3,2973.96,0.3333333333333333,0.20000000000000004,1.0,1.0,6,1,3
CUST01486,Dormant Customers,48,1,770.52,0.0,0.23,0.0,0.0,5,0,1
CUST01487,Loyal Customers,232,5,2548.9700000000003,0.2,0.33599999999999997,2.0,1.0,1,1,3
CUST01488,Loyal Customers,33,6,2851.24,0.16666666666666666,0.33,2.0,1.0,14,2,5
CUST01489,High Value But Unhappy,41,5,5689.93,0.0,0.248,1.0,1.0,9,0,4
CUST01490,High Value But Unhappy,122,7,5285.2,0.14285714285714285,0.25,2.0,1.0,3,0,4
CUST01491,High Value But Unhappy,87,4,4053.23,0.0,0.185,2.0,1.0,6,0,3
CUST01492,High Value But Unhappy,62,4,5478.3,0.5,0.105,3.0,0.6666666666666666,10,0,3
CUST01493,Dormant Customers,10,2,807.4499999999999,0.0,0.26,0.0,0.0,0,0,2
CUST01494,Discount Sensitive,265,4,1888.54,0.0,0.3825,1.0,1.0,1,1,3
CUST01495,Dormant Customers,89,6,3722.74,0.0,0.2733333333333334,1.0,1.0,0,0,4
CUST01496,Dormant Customers,16,1,662.11,0.0,0.3,0.0,0.0,9,3,1
CUST01497,Discount Sensitive,35,5,3393.85,0.2,0.374,1.0,1.0,9,0,4
CUST01498,Dormant Customers,12,5,3640.46,0.0,0.166,1.0,1.0,14,0,3
CUST01499,Dormant Customers,133,5,4317.6,0.0,0.27799999999999997,0.0,0.0,3,0,3
CUST01500,Dormant Customers,95,4,3285.09,0.0,0.28500000000000003,0.0,0.0,8,0,2
CUST01501,Discount Sensitive,66,2,646.4300000000001,0.0,0.51,2.0,1.0,6,0,2
CUST01502,Dormant Customers,80,2,1331.42,0.5,0.20500000000000002,1.0,1.0,15,1,1
CUST01503,Dormant Customers,90,4,2509.01,0.25,0.23249999999999998,1.0,1.0,8,0,2
CUST01504,Dormant Customers,152,3,1436.96,0.3333333333333333,0.31666666666666665,2.0,1.0,0,1,3
CUST01505,Discount Sensitive,64,1,608.83,0.0,0.4,0.0,0.0,2,2,1
CUST01506,Dormant Customers,140,4,2676.48,0.0,0.235,2.0,0.5,4,0,3
CUST01507,High Value But Unhappy,125,5,4142.6,0.2,0.26,2.0,1.0,5,0,4
CUST01508,Dormant Customers,3,1,845.65,0.0,0.26,0.0,0.0,10,4,1
CUST01509,Discount Sensitive,6,4,2604.54,0.25,0.3725,2.0,1.0,17,0,2
CUST01510,Dormant Customers,132,2,1667.1,0.0,0.315,0.0,0.0,7,2,2
CUST01511,Dormant Customers,88,4,2601.14,0.0,0.135,2.0,1.0,11,1,3
CUST01512,High Value But Unhappy,43,7,6822.51,0.0,0.27714285714285714,2.0,0.0,3,0,4
CUST01513,Discount Sensitive,131,1,1062.28,0.0,0.41,0.0,0.0,0,0,1
CUST01514,Dormant Customers,82,3,1466.5,0.0,0.2333333333333333,0.0,0.0,5,3,2
CUST01515,Dormant Customers,96,6,5632.79,0.0,0.24166666666666667,0.0,0.0,4,0,3
CUST01516,Discount Sensitive,172,1,421.68,0.0,0.41,1.0,0.0,15,2,1
CUST01517,Dormant Customers,87,4,1921.46,0.25,0.2825,2.0,1.0,4,0,3
CUST01518,Dormant Customers,485,1,569.86,0.0,0.26,0.0,0.0,1,0,1
CUST01519,Dormant Customers,105,4,3686.74,0.0,0.2425,0.0,0.0,0,0,3
CUST01520,Dormant Customers,19,1,333.93,0.0,0.18,0.0,0.0,10,0,1
CUST01521,Dormant Customers,10,2,1070.1399999999999,0.0,0.2,0.0,0.0,2,0,2
CUST01522,Dormant Customers,68,1,882.29,0.0,0.33,0.0,0.0,2,1,1
CUST01523,Dormant Customers,15,4,3702.2799999999997,0.25,0.3275,1.0,0.0,1,1,3
CUST01524,Dormant Customers,19,1,2078.4,0.0,0.0,1.0,1.0,5,1,1
CUST01525,Dormant Customers,56,4,2175.72,0.0,0.31,0.0,0.0,1,0,4
CUST01526,Dormant Customers,9,4,3305.24,0.25,0.24,2.0,1.0,7,2,4
CUST01527,Discount Sensitive,326,3,2802.84,0.0,0.36333333333333334,0.0,0.0,1,1,2
CUST01528,Discount Sensitive,105,1,424.84,0.0,0.55,1.0,1.0,13,0,1
CUST01529,Dormant Customers,194,1,1455.91,0.0,0.28,0.0,0.0,0,0,1
CUST01530,Loyal Customers,182,5,4146.860000000001,0.2,0.28200000000000003,2.0,1.0,7,2,4
CUST01531,Discount Sensitive,222,2,1077.94,0.5,0.37,2.0,1.0,3,1,2
CUST01532,Loyal Customers,159,6,2788.44,0.0,0.23666666666666666,1.0,1.0,6,1,3
CUST01533,Dormant Customers,167,1,697.43,0.0,0.21,0.0,0.0,6,0,1
CUST01534,Dormant Customers,22,1,416.32,0.0,0.24,0.0,0.0,7,0,1
CUST01535,Loyal Customers,8,8,3627.45,0.25,0.34625,2.0,0.5,9,4,4
CUST01536,Dormant Customers,7,1,1059.82,0.0,0.3,1.0,1.0,2,0,1
CUST01537,Dormant Customers,123,1,355.81,0.0,0.32,0.0,0.0,3,0,1
CUST01538,Dormant Customers,80,1,346.25,0.0,0.32,0.0,0.0,8,1,1
CUST01539,Dormant Customers,158,1,643.65,0.0,0.27,1.0,1.0,0,0,1
CUST01540,Discount Sensitive,195,3,2546.85,0.3333333333333333,0.36333333333333334,1.0,1.0,4,1,1
CUST01541,Discount Sensitive,64,1,626.47,0.0,0.36,0.0,0.0,5,0,1
CUST01542,Discount Sensitive,4,1,382.91,0.0,0.58,0.0,0.0,15,0,1
CUST01543,Dormant Customers,131,1,1270.64,0.0,0.3,0.0,0.0,8,2,1
CUST01544,Loyal Customers,113,9,5640.23,0.2222222222222222,0.38999999999999996,4.0,1.0,11,2,5
CUST01545,Dormant Customers,106,2,1091.81,0.0,0.315,0.0,0.0,4,0,2
CUST01546,Loyal Customers,22,5,2407.6499999999996,0.0,0.376,2.0,0.5,4,1,4
CUST01547,Loyal Customers,99,9,7802.05,0.1111111111111111,0.19666666666666666,3.0,1.0,4,1,2
CUST01548,Dormant Customers,49,6,3110.35,0.16666666666666666,0.29,1.0,1.0,2,0,4
CUST01549,Dormant Customers,167,3,3126.75,0.0,0.19666666666666666,1.0,0.0,15,0,2
CUST01550,Dormant Customers,109,4,1841.6,0.0,0.27,0.0,0.0,5,0,2
CUST01551,Dormant Customers,69,1,674.67,0.0,0.24,0.0,0.0,11,0,1
CUST01552,Dormant Customers,108,5,2594.91,0.0,0.296,0.0,0.0,3,0,3
CUST01553,Dormant Customers,153,1,381.8,0.0,0.25,0.0,0.0,4,1,1
CUST01554,Dormant Customers,75,4,3977.0899999999997,0.0,0.2725,1.0,1.0,8,1,3
CUST01555,Dormant Customers,30,1,329.17,0.0,0.28,1.0,1.0,5,2,1
CUST01556,Dormant Customers,37,3,1996.78,0.0,0.2066666666666667,0.0,0.0,1,2,3
CUST01557,Dormant Customers,41,3,1524.72,0.0,0.19000000000000003,0.0,0.0,9,0,2
CUST01558,Dormant Customers,210,3,2406.87,0.0,0.3,1.0,1.0,1,0,3
CUST01559,Loyal Customers,93,8,5817.8,0.125,0.28375,3.0,0.6666666666666666,5,2,4
CUST01560,Dormant Customers,8,3,1682.37,0.3333333333333333,0.32666666666666666,1.0,1.0,14,2,2
CUST01561,Dormant Customers,153,1,567.89,0.0,0.21,0.0,0.0,5,3,1
CUST01562,Dormant Customers,51,2,1271.3,0.5,0.25,1.0,1.0,17,0,2
CUST01563,Dormant Customers,20,2,1279.74,0.5,0.07,1.0,1.0,0,0,1
CUST01564,Dormant Customers,236,2,1155.5900000000001,0.0,0.32999999999999996,0.0,0.0,1,0,2
CUST01565,Dormant Customers,41,3,2690.33,0.0,0.16666666666666666,0.0,0.0,4,1,3
CUST01566,Dormant Customers,5,1,486.05,0.0,0.35,0.0,0.0,0,0,1
CUST01567,Dormant Customers,345,2,1423.0500000000002,0.0,0.19,0.0,0.0,3,1,1
CUST01568,Dormant Customers,178,2,1002.8800000000001,0.0,0.315,1.0,1.0,2,0,2
CUST01569,Dormant Customers,81,3,3115.0,0.0,0.16333333333333333,0.0,0.0,20,0,2
CUST01570,Discount Sensitive,144,2,551.3299999999999,0.0,0.41000000000000003,0.0,0.0,2,0,2
CUST01571,Loyal Customers,253,5,4663.12,0.0,0.352,2.0,1.0,1,1,3
CUST01572,Dormant Customers,227,1,1048.29,0.0,0.31,1.0,0.0,1,1,1
CUST01573,High Value But Unhappy,78,5,4071.61,0.0,0.284,2.0,1.0,7,0,4
CUST01574,Dormant Customers,161,3,2673.15,0.0,0.31,0.0,0.0,2,1,3
CUST01575,High Value But Unhappy,165,3,4439.9800000000005,0.0,0.16333333333333333,2.0,1.0,1,0,3
CUST01576,Dormant Customers,82,2,2235.15,0.5,0.275,1.0,1.0,10,0,2
CUST01577,Discount Sensitive,107,1,343.71,1.0,0.42,1.0,1.0,3,0,1
CUST01578,Dormant Customers,10,1,1222.13,0.0,0.12,0.0,0.0,4,3,1
CUST01579,Loyal Customers,45,8,6050.82,0.0,0.2625,1.0,0.0,9,1,4
CUST01580,Dormant Customers,18,2,912.24,0.0,0.315,0.0,0.0,14,1,1
CUST01581,High Value But Unhappy,22,11,8927.9,0.09090909090909091,0.24181818181818182,5.0,0.6,6,0,4
CUST01582,Loyal Customers,58,7,4264.93,0.2857142857142857,0.2742857142857143,2.0,1.0,5,1,4
CUST01583,Dormant Customers,261,3,1979.92,0.0,0.33666666666666667,0.0,0.0,2,2,2
CUST01584,Dormant Customers,0,5,10650.07,0.0,0.29000000000000004,0.0,0.0,6,0,4
CUST01585,Dormant Customers,23,1,327.29,0.0,0.32,0.0,0.0,4,0,1
CUST01586,Dormant Customers,25,1,788.8,0.0,0.25,1.0,1.0,7,1,1
CUST01587,Dormant Customers,129,5,3345.9300000000003,0.2,0.314,2.0,1.0,10,0,4
CUST01588,Dormant Customers,145,4,3378.07,0.0,0.1775,1.0,1.0,2,0,3
CUST01589,Dormant Customers,147,2,883.23,0.0,0.26,0.0,0.0,1,0,1
CUST01590,Dormant Customers,129,2,1250.94,0.0,0.19,0.0,0.0,8,0,2
CUST01591,Dormant Customers,136,3,2829.57,0.3333333333333333,0.23666666666666666,2.0,1.0,4,0,2
CUST01592,Dormant Customers,117,1,500.86,0.0,0.21,0.0,0.0,8,0,1
CUST01593,Dormant Customers,30,1,675.24,0.0,0.24,0.0,0.0,18,2,1
CUST01594,Dormant Customers,43,4,2625.18,0.0,0.24,1.0,0.0,2,0,2
CUST01595,Dormant Customers,59,3,1640.96,0.0,0.29,0.0,0.0,8,1,2
CUST01596,Loyal Customers,60,5,3906.69,0.2,0.298,1.0,1.0,7,1,3
CUST01597,Discount Sensitive,40,6,3297.58,0.16666666666666666,0.36833333333333335,2.0,0.5,4,0,4
CUST01598,Dormant Customers,68,3,1366.15,0.0,0.26,0.0,0.0,4,2,3
CUST01599,Dormant Customers,82,3,1748.0800000000002,0.0,0.18333333333333335,0.0,0.0,3,2,3
CUST01600,Discount Sensitive,0,1,657.78,0.0,0.43,0.0,0.0,2,0,1
CUST01601,High Value But Unhappy,49,6,6158.02,0.0,0.30833333333333335,2.0,0.5,6,0,3
CUST01602,Discount Sensitive,22,3,1334.5700000000002,0.0,0.40666666666666673,1.0,1.0,8,1,3
CUST01603,Dormant Customers,166,4,2882.1099999999997,0.25,0.1875,1.0,1.0,0,0,3
CUST01604,Loyal Customers,49,6,2549.4,0.0,0.33166666666666667,2.0,1.0,17,1,2
CUST01605,Dormant Customers,20,1,1057.43,0.0,0.18,0.0,0.0,3,0,1
CUST01606,Discount Sensitive,180,1,282.09,0.0,0.45,1.0,1.0,1,0,1
CUST01607,Dormant Customers,155,1,1515.3,0.0,0.23,0.0,0.0,7,0,1
CUST01608,Dormant Customers,26,1,501.47,0.0,0.27,0.0,0.0,1,2,1
CUST01609,Discount Sensitive,69,3,1380.23,0.0,0.4066666666666667,2.0,0.0,4,0,3
CUST01610,Dormant Customers,69,4,2593.45,0.25,0.34750000000000003,2.0,1.0,4,2,2
CUST01611,Loyal Customers,28,6,3039.58,0.0,0.3433333333333333,2.0,1.0,1,3,4
CUST01612,Discount Sensitive,283,1,725.09,0.0,0.43,0.0,0.0,1,0,1
CUST01613,Dormant Customers,255,2,1983.37,0.0,0.16,0.0,0.0,0,1,2
CUST01614,High Value But Unhappy,103,9,5758.2,0.1111111111111111,0.2788888888888889,3.0,0.6666666666666666,4,0,5
CUST01615,Dormant Customers,1,3,1862.39,0.0,0.26333333333333336,1.0,1.0,3,0,3
CUST01616,Loyal Customers,160,6,4472.110000000001,0.16666666666666666,0.3216666666666667,2.0,0.5,4,2,4
CUST01617,Dormant Customers,71,4,3694.23,0.25,0.2525,2.0,0.5,9,0,4
CUST01618,Dormant Customers,84,6,4011.61,0.0,0.215,0.0,0.0,2,0,4
CUST01619,Discount Sensitive,2,3,1148.84,0.0,0.36000000000000004,0.0,0.0,8,1,3
CUST01620,Loyal Customers,4,6,3750.7,0.0,0.2966666666666667,0.0,0.0,7,1,4
CUST01621,Loyal Customers,26,7,4465.24,0.0,0.22428571428571428,1.0,1.0,10,3,3
CUST01622,Loyal Customers,15,7,3807.67,0.0,0.25142857142857145,2.0,0.5,6,2,3
CUST01623,Dormant Customers,359,2,1834.9099999999999,0.0,0.32,0.0,0.0,0,0,1
CUST01624,Dormant Customers,75,4,2439.45,0.25,0.27,1.0,1.0,11,0,3
CUST01625,Dormant Customers,10,3,1125.83,0.0,0.25666666666666665,1.0,0.0,7,1,2
CUST01626,Dormant Customers,28,4,2267.6099999999997,0.0,0.34750000000000003,0.0,0.0,6,0,4
CUST01627,Dormant Customers,295,4,2804.23,0.0,0.34750000000000003,0.0,0.0,1,0,2
CUST01628,Dormant Customers,180,3,1760.35,0.3333333333333333,0.3433333333333333,1.0,1.0,4,0,2
CUST01629,Dormant Customers,81,2,1120.0,0.0,0.295,1.0,0.0,1,0,2
CUST01630,Loyal Customers,19,8,7630.67,0.125,0.2625,1.0,1.0,6,1,3
CUST01631,Champions,2,6,4758.7699999999995,0.0,0.24,1.0,0.0,14,1,4
CUST01632,Dormant Customers,6,1,1472.62,0.0,0.33,0.0,0.0,4,0,1
CUST01633,Dormant Customers,55,3,1093.75,0.0,0.3333333333333333,1.0,1.0,3,1,2
CUST01634,Discount Sensitive,40,1,668.05,0.0,0.4,0.0,0.0,6,0,1
CUST01635,Loyal Customers,42,5,3802.4,0.2,0.21600000000000003,2.0,1.0,10,2,5
CUST01636,Discount Sensitive,16,1,310.14,0.0,0.44,0.0,0.0,10,2,1
CUST01637,Loyal Customers,29,10,6494.71,0.0,0.29500000000000004,3.0,0.6666666666666666,8,2,4
CUST01638,Loyal Customers,31,5,3624.0,0.0,0.35,0.0,0.0,9,1,4
CUST01639,Dormant Customers,166,2,2292.2200000000003,0.0,0.065,0.0,0.0,3,0,2
CUST01640,Dormant Customers,105,1,464.57,0.0,0.35,0.0,0.0,6,0,1
CUST01641,Dormant Customers,101,4,2914.92,0.0,0.1975,1.0,1.0,13,0,2
CUST01642,Dormant Customers,4,5,4472.83,0.0,0.294,0.0,0.0,5,0,3
CUST01643,Loyal Customers,182,5,3485.7299999999996,0.0,0.276,0.0,0.0,5,2,4
CUST01644,Loyal Customers,118,8,5024.66,0.125,0.19375,3.0,1.0,5,3,4
CUST01645,Dormant Customers,74,4,3081.21,0.0,0.2425,0.0,0.0,9,1,3
CUST01646,Dormant Customers,66,7,3917.38,0.0,0.2642857142857143,0.0,0.0,10,0,4
CUST01647,Dormant Customers,10,6,5675.4,0.0,0.21666666666666667,0.0,0.0,8,0,4
CUST01648,Dormant Customers,150,1,540.77,0.0,0.19,0.0,0.0,2,3,1
CUST01649,Dormant Customers,243,1,376.88,0.0,0.21,0.0,0.0,1,0,1
CUST01650,Discount Sensitive,102,1,1797.67,0.0,0.41,0.0,0.0,9,3,1
CUST01651,Dormant Customers,87,3,2543.79,0.0,0.26333333333333336,1.0,0.0,0,1,2
CUST01652,Dormant Customers,40,6,3702.64,0.3333333333333333,0.2683333333333333,2.0,1.0,2,0,2
CUST01653,Dormant Customers,87,3,2168.75,0.0,0.23333333333333336,1.0,1.0,0,0,1
CUST01654,Dormant Customers,99,1,1073.19,0.0,0.24,0.0,0.0,2,2,1
CUST01655,High Value But Unhappy,13,8,7066.74,0.0,0.11625,2.0,1.0,2,0,4
CUST01656,Loyal Customers,9,6,3506.88,0.16666666666666666,0.22666666666666666,1.0,1.0,16,4,2
CUST01657,Discount Sensitive,328,1,149.0,0.0,0.39,0.0,0.0,2,0,1
CUST01658,High Value But Unhappy,56,8,7356.57,0.0,0.22125,2.0,0.0,3,0,4
CUST01659,Dormant Customers,98,2,1400.5700000000002,0.0,0.26,0.0,0.0,8,0,2
CUST01660,Champions,6,8,8061.9,0.0,0.27,1.0,1.0,10,3,4
CUST01661,Discount Sensitive,154,2,826.76,0.5,0.365,1.0,1.0,0,0,2
CUST01662,Dormant Customers,33,3,2215.29,0.0,0.27999999999999997,0.0,0.0,3,0,3
CUST01663,Dormant Customers,22,5,3881.61,0.2,0.19,2.0,0.0,4,0,3
CUST01664,Discount Sensitive,75,3,2080.54,0.0,0.37000000000000005,1.0,1.0,20,1,2
CUST01665,Dormant Customers,75,1,335.28,0.0,0.18,0.0,0.0,6,1,1
CUST01666,Loyal Customers,318,5,4392.38,0.0,0.246,1.0,1.0,5,4,4
CUST01667,Discount Sensitive,136,2,1307.77,0.0,0.36,0.0,0.0,12,2,1
CUST01668,Discount Sensitive,106,8,5325.84,0.0,0.4125,0.0,0.0,7,0,5
CUST01669,Dormant Customers,143,2,1801.98,0.0,0.30000000000000004,0.0,0.0,0,0,2
CUST01670,Dormant Customers,19,2,2472.29,0.0,0.26,1.0,1.0,15,0,1
CUST01671,High Value But Unhappy,79,5,4824.19,0.2,0.374,2.0,1.0,1,0,4
CUST01672,Dormant Customers,29,5,2937.06,0.0,0.266,0.0,0.0,7,0,5
CUST01673,Dormant Customers,24,1,489.02,0.0,0.19,0.0,0.0,3,1,1
CUST01674,Dormant Customers,116,4,1864.1999999999998,0.0,0.26749999999999996,1.0,1.0,5,0,4
CUST01675,Dormant Customers,132,2,1309.95,0.0,0.29,0.0,0.0,3,0,2
CUST01676,Dormant Customers,133,3,1460.8000000000002,0.0,0.16333333333333333,1.0,1.0,5,1,2
CUST01677,Dormant Customers,17,6,3597.0699999999997,0.0,0.23333333333333336,0.0,0.0,3,0,3
CUST01678,Dormant Customers,50,6,3935.61,0.0,0.26666666666666666,0.0,0.0,1,0,3
CUST01679,Dormant Customers,29,4,2798.27,0.0,0.27,0.0,0.0,7,2,3
CUST01680,Dormant Customers,36,1,2660.5,0.0,0.09,0.0,0.0,12,0,1
CUST01681,Dormant Customers,53,4,3363.76,0.0,0.225,1.0,1.0,6,0,2
CUST01682,Dormant Customers,227,5,1999.79,0.0,0.272,1.0,0.0,0,0,4
CUST01683,High Value But Unhappy,26,4,4532.08,0.0,0.29000000000000004,1.0,1.0,7,0,3
CUST01684,Dormant Customers,63,3,3554.1800000000003,0.0,0.17666666666666667,0.0,0.0,4,0,2
CUST01685,Dormant Customers,278,6,3081.38,0.16666666666666666,0.29333333333333333,1.0,1.0,2,0,3
CUST01686,Dormant Customers,138,1,699.98,0.0,0.0,1.0,0.0,0,0,1
CUST01687,Dormant Customers,81,5,2765.61,0.0,0.236,0.0,0.0,3,0,2
CUST01688,Dormant Customers,130,4,4056.68,0.0,0.3275,1.0,0.0,9,0,3
CUST01689,Discount Sensitive,62,4,2918.12,0.25,0.4475,1.0,1.0,6,1,2
CUST01690,Discount Sensitive,70,4,3930.82,0.5,0.4225,2.0,0.5,2,0,3
CUST01691,Dormant Customers,89,1,591.46,1.0,0.31,1.0,1.0,8,0,1
CUST01692,Loyal Customers,176,7,4276.32,0.2857142857142857,0.39,3.0,1.0,6,1,5
CUST01693,Dormant Customers,33,1,483.01,0.0,0.26,0.0,0.0,11,3,1
CUST01694,Discount Sensitive,38,1,759.46,0.0,0.43,0.0,0.0,10,2,1
CUST01695,Dormant Customers,72,4,1763.04,0.0,0.28500000000000003,1.0,1.0,22,4,3
CUST01696,Dormant Customers,127,2,1047.8,0.0,0.33,0.0,0.0,1,1,1
CUST01697,Dormant Customers,62,3,2717.38,0.0,0.24,0.0,0.0,5,1,3
CUST01698,Loyal Customers,68,8,7824.55,0.25,0.31,4.0,1.0,5,1,4
CUST01699,Dormant Customers,242,6,3095.45,0.0,0.3333333333333333,0.0,0.0,2,0,4
CUST01700,Dormant Customers,6,3,2536.5,0.0,0.32,0.0,0.0,14,2,3
CUST01701,Dormant Customers,14,1,388.29,0.0,0.34,0.0,0.0,3,1,1
CUST01702,Dormant Customers,209,3,2444.42,0.0,0.18333333333333335,0.0,0.0,3,0,2
CUST01703,Dormant Customers,7,2,2037.6100000000001,0.0,0.11499999999999999,0.0,0.0,6,0,2
CUST01704,Dormant Customers,47,1,926.37,0.0,0.06,0.0,0.0,13,2,1
CUST01705,Dormant Customers,29,3,1829.77,0.0,0.27666666666666667,1.0,1.0,21,2,3
CUST01706,Dormant Customers,6,6,3962.25,0.0,0.26,1.0,1.0,6,0,3
CUST01707,Dormant Customers,2,2,1446.76,0.0,0.355,1.0,1.0,5,0,2
CUST01708,Discount Sensitive,5,3,1319.75,0.0,0.37333333333333335,0.0,0.0,7,0,2
CUST01709,Discount Sensitive,157,3,1524.54,0.0,0.3666666666666667,0.0,0.0,1,3,2
CUST01710,Discount Sensitive,58,3,1236.27,0.0,0.41,1.0,1.0,10,1,2
CUST01711,Dormant Customers,110,4,2242.31,0.0,0.2025,0.0,0.0,2,2,3
CUST01712,Dormant Customers,25,1,828.82,0.0,0.32,1.0,0.0,9,0,1
CUST01713,High Value But Unhappy,41,7,5539.05,0.2857142857142857,0.17142857142857143,3.0,1.0,1,0,3
CUST01714,High Value But Unhappy,132,8,7387.29,0.0,0.32125000000000004,1.0,1.0,0,0,4
CUST01715,Dormant Customers,121,4,2342.73,0.0,0.3275,2.0,1.0,4,1,3
CUST01716,Dormant Customers,31,3,2688.8500000000004,0.3333333333333333,0.29000000000000004,1.0,1.0,1,0,3
CUST01717,Dormant Customers,125,5,5726.24,0.0,0.352,0.0,0.0,6,0,3
CUST01718,Loyal Customers,133,12,6556.120000000001,0.16666666666666666,0.3425,3.0,0.3333333333333333,4,2,5
CUST01719,Dormant Customers,148,4,2725.06,0.0,0.215,1.0,1.0,4,0,2
CUST01720,Discount Sensitive,13,3,1236.77,0.0,0.4633333333333334,1.0,1.0,9,4,3
CUST01721,Dormant Customers,38,1,617.29,0.0,0.26,0.0,0.0,5,0,1
CUST01722,Dormant Customers,59,1,359.06,0.0,0.14,0.0,0.0,1,0,1
CUST01723,High Value But Unhappy,16,6,7673.5,0.0,0.25166666666666665,2.0,1.0,4,0,3
CUST01724,Dormant Customers,39,2,1680.71,0.0,0.31,0.0,0.0,12,0,2
CUST01725,Dormant Customers,44,1,632.03,0.0,0.24,1.0,1.0,8,0,1
CUST01726,Dormant Customers,23,1,1507.03,0.0,0.1,0.0,0.0,17,2,1
CUST01727,Dormant Customers,1,4,1657.76,0.0,0.325,0.0,0.0,13,0,2
CUST01728,Dormant Customers,10,2,1236.25,0.0,0.155,0.0,0.0,5,1,1
CUST01729,Dormant Customers,8,2,2079.31,0.5,0.33999999999999997,2.0,1.0,11,1,1
CUST01730,Loyal Customers,120,7,5329.4400000000005,0.14285714285714285,0.40714285714285714,4.0,0.75,7,3,4
CUST01731,Dormant Customers,102,4,2888.49,0.0,0.2675,0.0,0.0,1,2,3
CUST01732,High Value But Unhappy,9,7,7979.33,0.0,0.27285714285714285,2.0,1.0,4,0,3
CUST01733,Dormant Customers,92,4,2532.24,0.75,0.22,3.0,1.0,2,0,3
CUST01734,High Value But Unhappy,160,5,5871.23,0.0,0.22200000000000003,2.0,1.0,2,0,5
CUST01735,Dormant Customers,61,2,1287.08,0.5,0.215,1.0,1.0,6,1,2
CUST01736,Dormant Customers,13,4,2197.62,0.25,0.325,2.0,1.0,8,1,4
CUST01737,Dormant Customers,26,1,512.92,0.0,0.31,0.0,0.0,9,0,1
CUST01738,Dormant Customers,39,4,2851.85,0.0,0.3225,0.0,0.0,7,3,3
CUST01739,Discount Sensitive,75,1,349.72,0.0,0.45,0.0,0.0,5,0,1
CUST01740,Dormant Customers,22,1,717.61,0.0,0.32,0.0,0.0,1,0,1
CUST01741,High Value But Unhappy,29,7,6413.37,0.0,0.3071428571428571,1.0,1.0,2,0,4
CUST01742,Loyal Customers,130,6,3970.62,0.16666666666666666,0.21333333333333335,1.0,1.0,13,3,5
CUST01743,Dormant Customers,90,3,1294.36,0.0,0.29,1.0,1.0,6,0,3
CUST01744,Discount Sensitive,111,1,1021.08,0.0,0.37,0.0,0.0,3,0,1
CUST01745,Discount Sensitive,204,2,806.46,0.0,0.52,0.0,0.0,6,2,2
CUST01746,Dormant Customers,239,4,2960.62,0.0,0.3525,1.0,1.0,1,2,2
CUST01747,Dormant Customers,24,1,1498.03,0.0,0.3,0.0,0.0,7,1,1
CUST01748,Discount Sensitive,36,1,150.03,0.0,0.58,0.0,0.0,4,3,1
CUST01749,Dormant Customers,190,2,1709.8200000000002,0.0,0.345,1.0,0.0,0,0,2
CUST01750,Discount Sensitive,137,1,556.93,0.0,0.42,0.0,0.0,4,0,1
CUST01751,Discount Sensitive,61,1,332.52,0.0,0.37,0.0,0.0,3,0,1
CUST01752,Dormant Customers,171,1,516.34,0.0,0.3,0.0,0.0,2,0,1
CUST01753,Dormant Customers,43,2,912.8100000000001,0.0,0.21000000000000002,0.0,0.0,4,0,1
CUST01754,Dormant Customers,13,2,806.9000000000001,0.0,0.25,0.0,0.0,4,1,1
CUST01755,Dormant Customers,152,6,3652.4,0.16666666666666666,0.17833333333333334,2.0,1.0,3,0,4
CUST01756,Loyal Customers,90,7,6859.41,0.0,0.2342857142857143,0.0,0.0,12,2,4
CUST01757,Dormant Customers,167,2,1856.03,0.0,0.115,0.0,0.0,1,0,2
CUST01758,Dormant Customers,78,1,411.88,0.0,0.33,0.0,0.0,2,1,1
CUST01759,Discount Sensitive,89,2,1973.57,0.0,0.38,0.0,0.0,3,0,2
CUST01760,High Value But Unhappy,69,7,5472.3099999999995,0.0,0.21857142857142858,3.0,0.6666666666666666,2,0,3
CUST01761,Loyal Customers,89,11,7359.26,0.09090909090909091,0.3172727272727273,3.0,1.0,2,1,5
CUST01762,High Value But Unhappy,66,8,5954.5,0.0,0.33375,2.0,1.0,1,0,3
CUST01763,Dormant Customers,8,1,705.53,1.0,0.0,1.0,1.0,3,0,1
CUST01764,Dormant Customers,45,3,1471.8400000000001,0.0,0.33666666666666667,1.0,1.0,5,0,3
CUST01765,Dormant Customers,265,2,1739.8,0.0,0.195,0.0,0.0,0,1,2
CUST01766,Dormant Customers,163,1,561.64,0.0,0.22,0.0,0.0,4,0,1
CUST01767,Dormant Customers,145,3,1605.14,0.0,0.31,3.0,1.0,5,0,2
CUST01768,Loyal Customers,101,7,5814.4400000000005,0.14285714285714285,0.16285714285714287,1.0,1.0,10,3,3
CUST01769,Loyal Customers,55,5,5381.57,0.2,0.186,2.0,1.0,10,3,4
CUST01770,Dormant Customers,58,3,1327.79,0.3333333333333333,0.24,2.0,1.0,2,0,2
CUST01771,Dormant Customers,58,4,2990.29,0.0,0.1975,0.0,0.0,14,1,3
CUST01772,Dormant Customers,254,2,1751.38,0.0,0.28,0.0,0.0,0,0,2
CUST01773,Loyal Customers,196,5,4845.14,0.0,0.152,1.0,1.0,5,2,2
CUST01774,Loyal Customers,152,6,3826.09,0.3333333333333333,0.3333333333333333,3.0,0.3333333333333333,0,2,3
CUST01775,Dormant Customers,49,2,1120.32,0.0,0.045,1.0,1.0,6,0,2
CUST01776,Dormant Customers,79,2,2686.35,0.0,0.28500000000000003,0.0,0.0,4,2,2
CUST01777,Loyal Customers,167,5,3035.66,0.2,0.294,1.0,1.0,6,1,3
CUST01778,Dormant Customers,87,1,512.32,0.0,0.24,0.0,0.0,6,0,1
CUST01779,Dormant Customers,167,4,3408.21,0.0,0.2025,2.0,1.0,3,2,3
CUST01780,Dormant Customers,5,3,2803.73,0.0,0.27,3.0,1.0,8,0,2
CUST01781,Discount Sensitive,241,1,1360.78,0.0,0.43,1.0,1.0,3,2,1
CUST01782,Dormant Customers,137,7,4334.56,0.0,0.3457142857142857,0.0,0.0,1,0,4
CUST01783,Dormant Customers,21,4,2577.89,0.0,0.2225,0.0,0.0,1,0,4
CUST01784,Dormant Customers,67,3,2180.12,0.3333333333333333,0.08333333333333333,1.0,1.0,12,0,2
CUST01785,Discount Sensitive,14,1,982.58,0.0,0.46,0.0,0.0,1,0,1
CUST01786,Dormant Customers,23,6,3745.53,0.16666666666666666,0.155,3.0,1.0,2,0,4
CUST01787,Dormant Customers,75,1,1770.53,0.0,0.19,0.0,0.0,6,1,1
CUST01788,Discount Sensitive,54,5,3455.7,0.2,0.384,2.0,1.0,4,0,2
CUST01789,Discount Sensitive,52,1,341.52,0.0,0.36,0.0,0.0,6,0,1
CUST01790,Dormant Customers,40,3,1750.7,0.0,0.35666666666666663,0.0,0.0,1,0,2
CUST01791,Discount Sensitive,82,2,516.61,0.0,0.405,0.0,0.0,5,0,2
CUST01792,Dormant Customers,36,1,821.29,0.0,0.18,0.0,0.0,12,1,1
CUST01793,Dormant Customers,48,4,5185.16,0.0,0.355,1.0,0.0,3,1,3
CUST01794,Discount Sensitive,26,2,1843.9,0.0,0.44,0.0,0.0,8,1,2
CUST01795,Dormant Customers,89,1,1266.99,0.0,0.17,1.0,1.0,7,1,1
CUST01796,Dormant Customers,33,1,500.81,0.0,0.26,0.0,0.0,4,0,1
CUST01797,Dormant Customers,117,1,1593.85,1.0,0.0,1.0,1.0,6,0,1
CUST01798,Dormant Customers,103,4,3577.66,0.0,0.2575,1.0,1.0,5,0,2
CUST01799,Dormant Customers,74,1,659.32,0.0,0.15,1.0,1.0,0,0,1
CUST01800,Dormant Customers,122,1,507.22,0.0,0.14,0.0,0.0,5,1,1
CUST01801,Discount Sensitive,24,1,371.61,0.0,0.45,1.0,1.0,10,1,1
CUST01802,Dormant Customers,139,3,1461.8,0.0,0.32666666666666666,1.0,1.0,3,0,3
CUST01803,Dormant Customers,104,3,2088.76,0.0,0.3566666666666667,2.0,0.5,1,0,3
CUST01804,Discount Sensitive,177,3,1552.45,0.0,0.4366666666666667,0.0,0.0,4,0,2
CUST01805,Dormant Customers,37,1,433.16,0.0,0.3,0.0,0.0,0,1,1
CUST01806,Discount Sensitive,50,1,411.72,0.0,0.43,0.0,0.0,8,2,1
CUST01807,Dormant Customers,74,3,3341.2,0.3333333333333333,0.29333333333333333,1.0,1.0,3,1,2
CUST01808,Dormant Customers,17,6,3618.0299999999997,0.0,0.24666666666666667,1.0,1.0,5,0,5
CUST01809,Loyal Customers,45,7,7139.78,0.14285714285714285,0.2928571428571428,1.0,1.0,2,1,4
CUST01810,Dormant Customers,28,1,381.71,0.0,0.24,0.0,0.0,8,2,1
CUST01811,Dormant Customers,69,4,3016.58,0.0,0.31,3.0,0.6666666666666666,7,2,3
CUST01812,Dormant Customers,25,4,2569.42,0.0,0.2175,0.0,0.0,16,0,3
CUST01813,Loyal Customers,22,5,3758.42,0.2,0.368,1.0,1.0,5,3,5
CUST01814,Dormant Customers,43,1,579.84,0.0,0.24,1.0,1.0,6,0,1
CUST01815,Dormant Customers,4,1,762.94,0.0,0.27,0.0,0.0,4,0,1
CUST01816,Dormant Customers,189,1,507.79,0.0,0.12,0.0,0.0,2,0,1
CUST01817,High Value But Unhappy,147,7,5667.97,0.0,0.1542857142857143,1.0,1.0,6,0,3
CUST01818,Dormant Customers,168,5,3080.04,0.0,0.266,1.0,1.0,1,0,4
CUST01819,Dormant Customers,82,2,1750.5700000000002,0.5,0.145,2.0,0.5,2,0,2
CUST01820,High Value But Unhappy,6,10,6699.02,0.0,0.329,4.0,0.75,7,0,4
CUST01821,Dormant Customers,41,5,3708.96,0.0,0.148,0.0,0.0,2,0,5
CUST01822,Dormant Customers,50,2,2116.75,0.0,0.255,1.0,0.0,1,0,2
CUST01823,Dormant Customers,32,4,3657.11,0.0,0.22,0.0,0.0,6,0,2
CUST01824,Loyal Customers,201,5,5499.38,0.0,0.194,2.0,0.0,4,1,3
CUST01825,Dormant Customers,16,1,561.93,0.0,0.35,1.0,0.0,14,1,1
CUST01826,Dormant Customers,57,5,3208.37,0.0,0.3,0.0,0.0,0,0,3
CUST01827,Dormant Customers,5,2,1217.56,0.0,0.215,0.0,0.0,8,0,2
CUST01828,Dormant Customers,122,3,1876.83,0.0,0.2866666666666667,0.0,0.0,5,3,3
CUST01829,High Value But Unhappy,101,7,4605.35,0.0,0.29857142857142854,1.0,1.0,4,0,2
CUST01830,Dormant Customers,27,4,2433.02,0.0,0.235,1.0,1.0,2,0,4
CUST01831,Dormant Customers,11,1,448.22,0.0,0.21,1.0,1.0,13,0,1
CUST01832,Dormant Customers,95,5,5038.610000000001,0.0,0.286,1.0,0.0,3,0,3
CUST01833,Loyal Customers,27,7,4261.32,0.0,0.2357142857142857,0.0,0.0,1,3,4
CUST01834,Discount Sensitive,2,1,715.74,0.0,0.39,0.0,0.0,5,2,1
CUST01835,Dormant Customers,132,1,710.25,0.0,0.28,0.0,0.0,15,2,1
CUST01836,Loyal Customers,125,6,3567.04,0.0,0.2833333333333333,1.0,1.0,12,1,4
CUST01837,Discount Sensitive,76,1,441.28,0.0,0.47,0.0,0.0,5,0,1
CUST01838,Dormant Customers,64,2,775.96,0.0,0.28500000000000003,0.0,0.0,7,0,2
CUST01839,Discount Sensitive,0,3,1378.5,0.0,0.3766666666666667,0.0,0.0,15,3,3
CUST01840,Dormant Customers,101,3,1327.8,0.0,0.29333333333333333,0.0,0.0,5,0,3
CUST01841,Dormant Customers,14,5,3198.59,0.0,0.23200000000000004,1.0,1.0,17,0,4
CUST01842,Dormant Customers,161,1,1332.91,0.0,0.32,0.0,0.0,0,1,1
CUST01843,Dormant Customers,25,2,2693.71,0.0,0.14,0.0,0.0,8,0,1
CUST01844,Dormant Customers,125,7,4849.78,0.0,0.25857142857142856,1.0,0.0,8,0,4
CUST01845,Dormant Customers,164,1,545.67,0.0,0.33,0.0,0.0,3,0,1
CUST01846,High Value But Unhappy,76,7,4758.75,0.0,0.34142857142857147,4.0,1.0,5,0,4
CUST01847,Dormant Customers,16,1,1293.93,0.0,0.15,0.0,0.0,2,0,1
CUST01848,Champions,1,5,5180.32,0.0,0.29,1.0,0.0,10,0,4
CUST01849,Discount Sensitive,34,1,385.85,0.0,0.36,0.0,0.0,3,0,1
CUST01850,Dormant Customers,28,3,1714.05,0.0,0.2833333333333333,0.0,0.0,5,0,2
CUST01851,Discount Sensitive,355,1,289.22,0.0,0.47,0.0,0.0,2,1,1
CUST01852,Dormant Customers,48,1,572.93,0.0,0.18,1.0,1.0,2,3,1
CUST01853,Discount Sensitive,153,6,3611.41,0.16666666666666666,0.43166666666666664,3.0,1.0,0,0,3
CUST01854,Discount Sensitive,150,2,1301.87,0.0,0.42000000000000004,0.0,0.0,5,0,2
CUST01855,Dormant Customers,72,3,2387.65,0.0,0.26666666666666666,3.0,0.6666666666666666,11,2,2
CUST01856,Dormant Customers,211,3,1379.79,0.6666666666666666,0.31,3.0,1.0,0,0,2
CUST01857,High Value But Unhappy,74,9,5573.32,0.0,0.4077777777777778,5.0,0.8,1,0,5
CUST01858,Dormant Customers,20,1,522.62,0.0,0.2,1.0,1.0,9,1,1
CUST01859,Dormant Customers,15,2,1262.4,0.0,0.22499999999999998,0.0,0.0,12,5,2
CUST01860,Dormant Customers,1,2,914.9300000000001,0.5,0.135,2.0,0.5,9,0,2
CUST01861,Dormant Customers,1,3,2676.62,0.0,0.2966666666666667,0.0,0.0,4,2,2
CUST01862,Dormant Customers,9,3,3486.8,0.0,0.06,0.0,0.0,4,1,2
CUST01863,Dormant Customers,188,1,530.13,0.0,0.32,0.0,0.0,4,0,1
CUST01864,Dormant Customers,221,1,519.75,0.0,0.12,0.0,0.0,3,0,1
CUST01865,Dormant Customers,60,3,1867.7600000000002,0.0,0.18333333333333335,2.0,0.5,4,1,3
CUST01866,Dormant Customers,70,1,510.52,0.0,0.27,1.0,1.0,16,0,1
CUST01867,Dormant Customers,11,1,663.94,0.0,0.19,0.0,0.0,2,0,1
CUST01868,Dormant Customers,80,3,26057.29,0.0,0.21666666666666667,0.0,0.0,4,1,2
CUST01869,Discount Sensitive,52,8,5254.78,0.125,0.44,1.0,0.0,13,0,5
CUST01870,High Value But Unhappy,91,4,4178.4,0.0,0.305,2.0,0.5,9,1,3
CUST01871,Dormant Customers,100,1,1448.69,0.0,0.06,1.0,1.0,1,0,1
CUST01872,High Value But Unhappy,41,7,4856.42,0.0,0.3028571428571429,2.0,1.0,4,0,4
CUST01873,Loyal Customers,9,5,2655.24,0.0,0.31,0.0,0.0,5,1,3
CUST01874,Dormant Customers,31,1,663.19,0.0,0.11,0.0,0.0,1,0,1
CUST01875,Discount Sensitive,74,7,3162.7799999999997,0.0,0.42857142857142855,2.0,0.5,0,0,4
CUST01876,Dormant Customers,143,5,4129.84,0.0,0.236,0.0,0.0,1,0,5
CUST01877,Discount Sensitive,45,3,2789.21,0.3333333333333333,0.4066666666666667,2.0,1.0,1,0,2
CUST01878,Discount Sensitive,22,1,314.15,0.0,0.55,0.0,0.0,4,0,1
CUST01879,Dormant Customers,24,1,709.74,1.0,0.14,1.0,1.0,5,2,1
CUST01880,Discount Sensitive,231,4,1569.8400000000001,0.0,0.4575,1.0,1.0,3,0,4
CUST01881,Dormant Customers,8,5,3112.58,0.0,0.264,4.0,0.75,0,0,5
CUST01882,Dormant Customers,219,2,965.8,0.0,0.245,0.0,0.0,0,0,2
CUST01883,Dormant Customers,5,4,2831.88,0.25,0.2625,1.0,1.0,2,0,3
CUST01884,Dormant Customers,234,3,2372.63,0.0,0.33,1.0,1.0,2,0,2
CUST01885,Loyal Customers,6,5,3303.2799999999997,0.0,0.434,1.0,1.0,9,2,3
CUST01886,Dormant Customers,78,2,948.26,0.0,0.2,0.0,0.0,6,0,2
CUST01887,Loyal Customers,126,6,3354.62,0.0,0.49000000000000005,1.0,1.0,1,1,4
CUST01888,Loyal Customers,27,6,3310.32,0.0,0.335,1.0,0.0,3,1,3
CUST01889,Dormant Customers,71,2,1553.42,0.0,0.315,0.0,0.0,5,0,1
CUST01890,Dormant Customers,226,1,416.76,0.0,0.28,0.0,0.0,1,3,1
CUST01891,Dormant Customers,217,2,3614.49,0.0,0.3,2.0,1.0,0,0,2
CUST01892,Discount Sensitive,39,1,547.55,0.0,0.43,0.0,0.0,5,1,1
CUST01893,Dormant Customers,50,3,2530.01,0.0,0.27666666666666667,2.0,1.0,2,1,2
CUST01894,Dormant Customers,195,4,3166.55,0.0,0.27749999999999997,0.0,0.0,2,2,4
CUST01895,Dormant Customers,329,1,1344.42,0.0,0.33,0.0,0.0,7,3,1
CUST01896,Discount Sensitive,70,1,177.86,0.0,0.53,0.0,0.0,10,2,1
CUST01897,High Value But Unhappy,28,6,4619.71,0.0,0.20166666666666666,1.0,1.0,7,0,3
CUST01898,Dormant Customers,218,1,829.18,0.0,0.23,0.0,0.0,1,0,1
CUST01899,Discount Sensitive,53,2,1576.16,0.0,0.435,1.0,1.0,2,0,1
CUST01900,Loyal Customers,75,7,5287.41,0.0,0.23857142857142857,1.0,1.0,9,2,4
CUST01901,Dormant Customers,163,3,2344.37,0.0,0.19000000000000003,0.0,0.0,6,2,3
CUST01902,Discount Sensitive,53,2,549.9300000000001,0.0,0.48,0.0,0.0,1,0,2
CUST01903,High Value But Unhappy,20,8,5239.29,0.25,0.28,4.0,1.0,8,0,3
CUST01904,Dormant Customers,39,3,2969.4300000000003,0.3333333333333333,0.2733333333333334,3.0,0.6666666666666666,4,0,3
CUST01905,Dormant Customers,2,3,2083.6400000000003,0.0,0.15333333333333335,1.0,1.0,6,3,2
CUST01906,Discount Sensitive,81,1,555.37,0.0,0.5,0.0,0.0,3,0,1
CUST01907,Loyal Customers,32,5,3168.6099999999997,0.0,0.21200000000000002,0.0,0.0,3,1,2
CUST01908,Discount Sensitive,216,3,1025.52,0.0,0.4366666666666667,0.0,0.0,1,0,3
CUST01909,Dormant Customers,37,1,825.7,0.0,0.07,0.0,0.0,13,0,1
CUST01910,Dormant Customers,130,5,2642.55,0.0,0.21400000000000002,0.0,0.0,1,0,3
CUST01911,High Value But Unhappy,40,8,5924.11,0.0,0.18375,2.0,1.0,4,0,3
CUST01912,Dormant Customers,43,4,1992.5,0.0,0.3075,1.0,1.0,13,0,2
CUST01913,Discount Sensitive,78,1,422.52,0.0,0.44,0.0,0.0,2,0,1
CUST01914,High Value But Unhappy,83,6,5482.889999999999,0.16666666666666666,0.25333333333333335,2.0,0.0,7,0,2
CUST01915,Dormant Customers,273,4,3357.25,0.0,0.315,0.0,0.0,1,0,3
CUST01916,Dormant Customers,10,2,934.02,0.0,0.29000000000000004,0.0,0.0,3,1,1
CUST01917,Dormant Customers,196,2,1593.3,0.0,0.27,0.0,0.0,2,0,2
CUST01918,Dormant Customers,170,4,3621.08,0.0,0.1575,0.0,0.0,1,1,3
CUST01919,Discount Sensitive,40,1,328.12,0.0,0.55,0.0,0.0,10,0,1
CUST01920,Dormant Customers,215,4,2814.54,0.25,0.275,1.0,1.0,1,0,2
CUST01921,Dormant Customers,75,4,2532.17,0.0,0.15000000000000002,1.0,1.0,9,0,4
CUST01922,Dormant Customers,30,3,2918.16,0.0,0.09333333333333332,0.0,0.0,10,1,2
CUST01923,Discount Sensitive,146,3,1359.38,0.0,0.37666666666666665,0.0,0.0,9,2,1
CUST01924,Dormant Customers,61,1,371.86,0.0,0.25,0.0,0.0,13,0,1
CUST01925,Dormant Customers,12,1,448.97,0.0,0.34,0.0,0.0,12,2,1
CUST01926,Dormant Customers,130,1,449.37,0.0,0.32,0.0,0.0,5,0,1
CUST01927,Dormant Customers,163,3,3362.8999999999996,0.0,0.3,0.0,0.0,1,1,2
CUST01928,Dormant Customers,6,3,1788.02,0.3333333333333333,0.22999999999999998,1.0,1.0,14,3,3
CUST01929,Dormant Customers,163,2,735.4100000000001,0.0,0.255,0.0,0.0,5,0,2
CUST01930,Dormant Customers,19,2,1131.9099999999999,0.0,0.21,0.0,0.0,2,0,2
CUST01931,Dormant Customers,10,2,975.78,0.0,0.32,0.0,0.0,11,0,2
CUST01932,Dormant Customers,12,1,1359.13,0.0,0.33,0.0,0.0,11,2,1
CUST01933,Loyal Customers,39,6,3230.78,0.0,0.20166666666666666,0.0,0.0,6,2,5
CUST01934,Dormant Customers,33,1,585.58,0.0,0.28,0.0,0.0,8,0,1
CUST01935,Dormant Customers,52,1,308.98,0.0,0.33,0.0,0.0,8,1,1
CUST01936,Dormant Customers,34,1,300.34,0.0,0.3,0.0,0.0,8,2,1
CUST01937,Dormant Customers,120,1,383.33,0.0,0.19,0.0,0.0,3,0,1
CUST01938,Dormant Customers,45,4,1866.8,0.5,0.2175,2.0,1.0,4,0,3
CUST01939,Dormant Customers,34,4,3249.84,0.0,0.1975,1.0,1.0,13,0,2
CUST01940,Champions,8,7,6388.84,0.0,0.27,1.0,0.0,12,1,5
CUST01941,High Value But Unhappy,47,9,5847.1900000000005,0.1111111111111111,0.28777777777777774,2.0,1.0,11,0,4
CUST01942,Dormant Customers,249,1,523.56,0.0,0.2,0.0,0.0,4,2,1
CUST01943,High Value But Unhappy,52,4,4844.02,0.25,0.23500000000000001,1.0,1.0,10,0,3
CUST01944,High Value But Unhappy,13,7,5245.9800000000005,0.0,0.20714285714285716,2.0,1.0,6,0,3
CUST01945,Dormant Customers,118,1,554.68,0.0,0.29,0.0,0.0,0,0,1
CUST01946,Dormant Customers,118,3,1522.71,0.0,0.33666666666666667,2.0,1.0,4,2,3
CUST01947,Loyal Customers,123,7,4832.0599999999995,0.0,0.27714285714285714,0.0,0.0,6,1,4
CUST01948,Discount Sensitive,170,2,1170.93,0.0,0.375,1.0,1.0,3,0,2
CUST01949,Dormant Customers,136,8,9603.31,0.0,0.21125,1.0,0.0,9,0,4
CUST01950,Dormant Customers,136,3,1395.9099999999999,0.0,0.33,0.0,0.0,2,0,1
CUST01951,Dormant Customers,125,4,2559.6099999999997,0.0,0.28500000000000003,1.0,1.0,2,0,2
CUST01952,Dormant Customers,313,2,922.6,0.0,0.305,0.0,0.0,3,0,1
CUST01953,Dormant Customers,176,1,886.28,0.0,0.34,0.0,0.0,0,0,1
CUST01954,High Value But Unhappy,50,10,7300.599999999999,0.2,0.31100000000000005,3.0,1.0,2,0,2
CUST01955,Loyal Customers,25,7,2957.63,0.0,0.4014285714285714,2.0,1.0,11,4,5
CUST01956,Dormant Customers,78,1,301.98,0.0,0.28,0.0,0.0,5,1,1
CUST01957,Dormant Customers,210,3,2989.2,0.0,0.2833333333333333,1.0,0.0,3,0,3
CUST01958,Discount Sensitive,113,7,3390.38,0.14285714285714285,0.36428571428571427,4.0,0.75,5,0,2
CUST01959,Dormant Customers,9,1,676.52,0.0,0.24,0.0,0.0,4,0,1
CUST01960,Dormant Customers,25,1,1173.93,0.0,0.13,0.0,0.0,4,0,1
CUST01961,Dormant Customers,79,4,3056.04,0.0,0.275,2.0,1.0,1,1,4
CUST01962,High Value But Unhappy,142,8,5467.6900000000005,0.125,0.205,2.0,1.0,2,0,4
CUST01963,Dormant Customers,113,1,827.54,0.0,0.23,0.0,0.0,6,0,1
CUST01964,Discount Sensitive,15,1,848.15,0.0,0.43,0.0,0.0,4,0,1
CUST01965,Discount Sensitive,196,2,1060.55,0.0,0.4,1.0,1.0,3,1,2
CUST01966,High Value But Unhappy,49,6,5099.78,0.16666666666666666,0.20333333333333334,1.0,1.0,9,0,5
CUST01967,Dormant Customers,28,4,1574.64,0.0,0.28,2.0,1.0,12,0,2
CUST01968,Dormant Customers,59,1,1323.58,1.0,0.19,1.0,1.0,2,1,1
CUST01969,Dormant Customers,80,2,1641.0,0.0,0.27,1.0,0.0,3,0,2
CUST01970,Dormant Customers,84,3,1898.37,0.0,0.18333333333333335,0.0,0.0,14,2,1
CUST01971,Dormant Customers,10,2,2559.3999999999996,0.5,0.28500000000000003,1.0,1.0,12,1,2
CUST01972,Champions,4,9,4551.23,0.1111111111111111,0.2744444444444445,2.0,0.5,15,0,4
CUST01973,Dormant Customers,89,3,2694.88,0.0,0.21666666666666667,0.0,0.0,18,2,2
CUST01974,Dormant Customers,54,5,2533.77,0.0,0.238,2.0,0.5,9,0,3
CUST01975,Dormant Customers,57,5,3442.37,0.0,0.282,1.0,0.0,9,0,3
CUST01976,Loyal Customers,100,5,4264.75,0.2,0.124,3.0,1.0,15,1,4
CUST01977,Dormant Customers,68,2,1844.12,0.0,0.28,1.0,1.0,8,0,2
CUST01978,Loyal Customers,156,7,6034.36,0.14285714285714285,0.3842857142857143,2.0,1.0,2,1,5
CUST01979,Dormant Customers,61,1,669.46,0.0,0.29,0.0,0.0,13,0,1
CUST01980,Champions,1,8,7551.46,0.125,0.20375000000000001,1.0,1.0,10,2,4
CUST01981,High Value But Unhappy,84,4,4730.360000000001,0.0,0.235,1.0,1.0,13,2,4
CUST01982,High Value But Unhappy,36,7,4060.75,0.0,0.19714285714285715,2.0,0.5,5,0,4
CUST01983,Dormant Customers,67,3,1024.8700000000001,0.0,0.26666666666666666,0.0,0.0,13,1,2
CUST01984,Loyal Customers,21,8,4659.86,0.0,0.375,2.0,0.5,8,2,4
CUST01985,Dormant Customers,75,1,1983.49,0.0,0.07,0.0,0.0,12,0,1
CUST01986,Champions,5,5,5637.98,0.4,0.302,3.0,1.0,17,1,3
CUST01987,Discount Sensitive,127,1,299.78,0.0,0.47,0.0,0.0,4,0,1
CUST01988,Dormant Customers,52,1,824.71,0.0,0.24,0.0,0.0,2,0,1
CUST01989,Discount Sensitive,70,3,1255.63,0.0,0.4000000000000001,0.0,0.0,0,0,2
CUST01990,Dormant Customers,59,4,3877.7699999999995,0.0,0.22499999999999998,0.0,0.0,11,1,3
CUST01991,High Value But Unhappy,65,7,5405.02,0.14285714285714285,0.1457142857142857,2.0,0.5,8,0,5
CUST01992,Discount Sensitive,50,1,1412.07,0.0,0.38,0.0,0.0,7,1,1
CUST01993,Dormant Customers,23,6,3224.71,0.0,0.335,2.0,1.0,0,0,4
CUST01994,Dormant Customers,83,6,4371.35,0.0,0.30833333333333335,0.0,0.0,0,0,5
CUST01995,Dormant Customers,144,5,2602.16,0.0,0.292,1.0,1.0,2,0,4
CUST01996,Dormant Customers,206,2,1407.45,0.0,0.11499999999999999,0.0,0.0,2,1,2
CUST01997,Dormant Customers,23,2,2544.7,0.0,0.28,0.0,0.0,9,2,2
CUST01998,Champions,6,7,8151.54,0.14285714285714285,0.09714285714285716,2.0,1.0,13,0,4
CUST01999,Dormant Customers,70,2,762.25,0.0,0.33999999999999997,0.0,0.0,4,1,1
CUST02000,High Value But Unhappy,96,10,4734.83,0.0,0.22000000000000003,2.0,0.5,11,0,4
CUST02001,Dormant Customers,5,1,519.52,0.0,0.23,0.0,0.0,12,1,1
CUST02002,Loyal Customers,27,6,5905.59,0.0,0.245,1.0,0.0,7,2,3
CUST02003,Discount Sensitive,169,2,1381.48,0.0,0.405,0.0,0.0,3,0,2
CUST02004,Dormant Customers,1,1,1164.15,0.0,0.14,0.0,0.0,6,1,1
CUST02005,Loyal Customers,7,5,2573.5,0.0,0.194,1.0,1.0,6,2,2
CUST02006,Dormant Customers,99,1,1872.67,0.0,0.23,0.0,0.0,2,0,1
CUST02007,Loyal Customers,152,6,5058.75,0.0,0.18666666666666668,1.0,0.0,5,1,4
CUST02008,High Value But Unhappy,228,4,4601.66,0.25,0.2575,2.0,0.5,3,0,2
CUST02009,Dormant Customers,31,4,3434.0099999999998,0.25,0.35,1.0,1.0,1,0,4
CUST02010,Dormant Customers,97,2,3814.95,0.0,0.185,0.0,0.0,6,3,2
CUST02011,Dormant Customers,130,4,4620.1,0.0,0.265,0.0,0.0,2,0,4
CUST02012,Discount Sensitive,4,1,397.31,0.0,0.37,1.0,1.0,7,0,1
CUST02013,Dormant Customers,19,1,496.68,0.0,0.23,0.0,0.0,7,1,1
CUST02014,Dormant Customers,39,1,585.15,0.0,0.33,0.0,0.0,0,0,1
CUST02015,At-Risk High Value,212,4,5003.34,0.0,0.1275,0.0,0.0,4,0,3
CUST02016,Dormant Customers,15,1,359.18,0.0,0.07,0.0,0.0,17,1,1
CUST02017,Dormant Customers,77,2,1871.94,0.0,0.31,0.0,0.0,12,2,2
CUST02018,Discount Sensitive,46,1,873.21,0.0,0.36,1.0,1.0,17,1,1
CUST02019,High Value But Unhappy,55,7,4765.56,0.14285714285714285,0.2885714285714286,2.0,1.0,7,0,3
CUST02020,Dormant Customers,30,3,2876.52,0.0,0.25,0.0,0.0,8,0,3
CUST02021,Dormant Customers,9,4,3437.71,0.25,0.2925,1.0,1.0,12,0,2
CUST02022,Discount Sensitive,44,1,329.75,0.0,0.44,1.0,1.0,1,0,1
CUST02023,Dormant Customers,44,1,888.97,0.0,0.3,0.0,0.0,7,0,1
CUST02024,Champions,1,10,6196.01,0.0,0.225,0.0,0.0,17,3,5
CUST02025,Loyal Customers,44,5,4736.54,0.0,0.20600000000000002,0.0,0.0,3,1,3
CUST02026,Loyal Customers,34,5,4265.33,0.0,0.292,0.0,0.0,2,1,3
CUST02027,Dormant Customers,12,3,2947.52,0.0,0.2866666666666667,0.0,0.0,7,1,3
CUST02028,Dormant Customers,127,2,1517.08,0.0,0.20500000000000002,0.0,0.0,3,0,2
CUST02029,Dormant Customers,80,3,1502.72,0.0,0.31,1.0,0.0,0,2,3
CUST02030,Loyal Customers,7,5,2940.72,0.0,0.33399999999999996,0.0,0.0,18,2,4
CUST02031,Discount Sensitive,167,2,734.56,0.0,0.39,0.0,0.0,2,0,2
CUST02032,Dormant Customers,342,2,1046.18,0.0,0.21000000000000002,0.0,0.0,2,0,2
CUST02033,Dormant Customers,112,4,2919.45,0.0,0.1675,0.0,0.0,9,1,3
CUST02034,Dormant Customers,13,1,568.26,0.0,0.3,0.0,0.0,9,0,1
CUST02035,Dormant Customers,93,3,2201.39,0.0,0.22,1.0,1.0,0,1,2
CUST02036,Dormant Customers,38,8,5443.38,0.0,0.25875000000000004,0.0,0.0,6,0,5
CUST02037,Dormant Customers,1,2,1131.94,1.0,0.255,2.0,1.0,3,1,2
CUST02038,Discount Sensitive,262,3,1941.74,0.0,0.3933333333333333,1.0,1.0,3,1,2
CUST02039,Dormant Customers,160,3,1806.76,0.0,0.32,1.0,1.0,0,0,3
CUST02040,Dormant Customers,1,1,686.12,0.0,0.28,0.0,0.0,14,2,1
CUST02041,Loyal Customers,15,5,6809.49,0.2,0.182,2.0,1.0,7,1,4
CUST02042,Dormant Customers,68,4,2102.49,0.0,0.35,1.0,1.0,6,1,3
CUST02043,Discount Sensitive,10,1,429.28,0.0,0.42,0.0,0.0,6,1,1
CUST02044,Champions,0,7,5404.4400000000005,0.0,0.21428571428571427,1.0,1.0,14,0,4
CUST02045,Discount Sensitive,92,1,626.4,0.0,0.48,0.0,0.0,5,3,1
CUST02046,Loyal Customers,282,6,4967.95,0.0,0.155,2.0,0.5,6,2,2
CUST02047,Dormant Customers,61,7,6827.32,0.0,0.21428571428571427,0.0,0.0,1,0,3
CUST02048,Discount Sensitive,187,1,683.23,0.0,0.47,0.0,0.0,0,0,1
CUST02049,Loyal Customers,81,6,3627.55,0.0,0.215,1.0,1.0,6,1,2
CUST02050,Discount Sensitive,15,2,985.3000000000001,0.0,0.425,1.0,0.0,4,2,1
CUST02051,Dormant Customers,85,3,2953.97,0.0,0.27666666666666667,1.0,1.0,0,0,2
CUST02052,Dormant Customers,55,3,4211.0599999999995,0.0,0.13,0.0,0.0,2,0,1
CUST02053,Discount Sensitive,61,2,1075.67,0.0,0.375,0.0,0.0,0,0,2
CUST02054,High Value But Unhappy,29,7,7547.42,0.14285714285714285,0.32857142857142857,1.0,1.0,9,0,4
CUST02055,Dormant Customers,73,6,3391.84,0.0,0.24833333333333332,0.0,0.0,1,0,3
CUST02056,Dormant Customers,195,2,1281.97,0.0,0.12,0.0,0.0,2,1,2
CUST02057,Discount Sensitive,3,2,1878.1,0.0,0.365,0.0,0.0,10,0,2
CUST02058,Dormant Customers,12,1,1013.35,0.0,0.31,0.0,0.0,0,1,1
CUST02059,Dormant Customers,53,3,2449.99,0.0,0.3133333333333333,1.0,1.0,2,1,3
CUST02060,Dormant Customers,23,2,1331.01,0.5,0.235,2.0,0.5,4,0,2
CUST02061,Loyal Customers,102,5,3294.69,0.0,0.194,2.0,0.5,7,1,3
CUST02062,Dormant Customers,161,4,3844.48,0.0,0.255,0.0,0.0,0,0,2
CUST02063,Dormant Customers,38,4,1973.4899999999998,0.25,0.28,1.0,1.0,7,1,3
CUST02064,Dormant Customers,69,3,2866.45,0.3333333333333333,0.3066666666666667,1.0,1.0,2,0,3
CUST02065,Dormant Customers,172,5,3492.37,0.2,0.35600000000000004,1.0,1.0,1,0,4
CUST02066,Discount Sensitive,48,1,656.93,0.0,0.39,1.0,1.0,9,2,1
CUST02067,High Value But Unhappy,55,7,8726.75,0.0,0.2857142857142857,3.0,1.0,5,0,4
CUST02068,Dormant Customers,7,2,1629.56,0.0,0.28,0.0,0.0,11,4,2
CUST02069,Dormant Customers,315,1,791.45,0.0,0.24,0.0,0.0,2,0,1
CUST02070,Dormant Customers,80,1,557.51,0.0,0.32,1.0,1.0,11,2,1
CUST02071,Discount Sensitive,17,1,887.16,0.0,0.5,0.0,0.0,12,0,1
CUST02072,High Value But Unhappy,35,11,7176.07,0.0,0.39272727272727276,1.0,1.0,4,0,6
CUST02073,Dormant Customers,34,1,462.53,0.0,0.24,0.0,0.0,0,0,1
CUST02074,Discount Sensitive,36,1,1003.93,0.0,0.46,0.0,0.0,7,1,1
CUST02075,Dormant Customers,271,5,2192.94,0.2,0.298,1.0,1.0,0,0,3
CUST02076,Dormant Customers,213,4,3480.34,0.0,0.255,0.0,0.0,1,1,2
CUST02077,Dormant Customers,78,5,2528.43,0.0,0.346,0.0,0.0,3,0,3
CUST02078,Loyal Customers,29,8,3814.58,0.0,0.27375,3.0,0.6666666666666666,3,2,4
CUST02079,High Value But Unhappy,19,7,4373.8099999999995,0.2857142857142857,0.33571428571428574,3.0,0.6666666666666666,1,0,4
CUST02080,Dormant Customers,178,3,2768.41,0.3333333333333333,0.25333333333333335,1.0,1.0,1,2,2
CUST02081,Loyal Customers,166,9,5848.4400000000005,0.0,0.3622222222222222,2.0,0.5,3,1,5
CUST02082,Dormant Customers,124,2,1444.5700000000002,0.0,0.275,0.0,0.0,1,0,2
CUST02083,Dormant Customers,28,2,1606.4,0.0,0.315,0.0,0.0,4,0,2
CUST02084,Dormant Customers,165,1,481.85,0.0,0.32,0.0,0.0,2,1,1
CUST02085,Dormant Customers,3,1,682.7,0.0,0.28,0.0,0.0,1,0,1
CUST02086,Dormant Customers,40,2,1886.35,0.0,0.275,0.0,0.0,8,3,2
CUST02087,Discount Sensitive,14,1,479.82,0.0,0.37,0.0,0.0,3,0,1
CUST02088,Dormant Customers,41,3,1761.31,0.0,0.22,1.0,1.0,1,0,3
CUST02089,Dormant Customers,20,1,542.75,0.0,0.23,0.0,0.0,1,0,1
CUST02090,Dormant Customers,80,2,852.76,0.5,0.33499999999999996,1.0,1.0,1,0,1
CUST02091,Discount Sensitive,19,1,872.98,0.0,0.43,0.0,0.0,10,1,1
CUST02092,Dormant Customers,174,3,2595.52,0.0,0.17,1.0,1.0,2,0,3
CUST02093,Dormant Customers,11,2,1202.49,0.0,0.335,0.0,0.0,8,0,2
CUST02094,Dormant Customers,96,2,1171.49,0.0,0.07,0.0,0.0,1,0,2
CUST02095,Dormant Customers,163,2,1605.26,0.0,0.255,1.0,1.0,0,1,1
CUST02096,Dormant Customers,5,3,2926.04,0.0,0.29333333333333333,0.0,0.0,9,0,2
CUST02097,Dormant Customers,59,4,2180.25,0.0,0.325,1.0,1.0,5,0,3
CUST02098,Dormant Customers,223,1,558.72,0.0,0.18,0.0,0.0,8,0,1
CUST02099,Discount Sensitive,107,3,2275.89,0.0,0.36000000000000004,0.0,0.0,2,1,3
CUST02100,High Value But Unhappy,23,8,4274.82,0.125,0.33875,2.0,1.0,13,0,5
CUST02101,High Value But Unhappy,18,7,4502.69,0.0,0.4042857142857143,2.0,1.0,6,0,3
CUST02102,Loyal Customers,17,6,3780.56,0.0,0.39999999999999997,0.0,0.0,19,1,3
CUST02103,Discount Sensitive,44,2,1052.31,0.0,0.4,1.0,0.0,0,0,2
CUST02104,Discount Sensitive,4,1,679.74,0.0,0.49,0.0,0.0,7,0,1
CUST02105,Dormant Customers,15,4,2058.2,0.25,0.1,2.0,1.0,1,0,3
CUST02106,Loyal Customers,46,8,20239.78,0.125,0.32,3.0,0.6666666666666666,7,1,4
CUST02107,Loyal Customers,90,5,3080.15,0.0,0.22000000000000003,0.0,0.0,8,1,4
CUST02108,Dormant Customers,9,3,2025.15,0.3333333333333333,0.24333333333333332,2.0,1.0,11,0,2
CUST02109,Loyal Customers,21,5,3747.13,0.0,0.32199999999999995,1.0,0.0,7,3,4
CUST02110,Dormant Customers,26,2,1374.8200000000002,0.0,0.20500000000000002,0.0,0.0,1,0,2
CUST02111,Dormant Customers,184,1,1404.22,0.0,0.3,0.0,0.0,0,0,1
CUST02112,Dormant Customers,335,3,1402.8600000000001,0.0,0.34,0.0,0.0,0,0,2
CUST02113,Dormant Customers,194,2,2358.37,0.0,0.33,0.0,0.0,1,0,2
CUST02114,Dormant Customers,111,2,587.4200000000001,0.5,0.32999999999999996,1.0,0.0,8,0,1
CUST02115,Dormant Customers,277,1,483.57,0.0,0.24,0.0,0.0,0,0,1
CUST02116,Dormant Customers,151,2,1180.1399999999999,0.0,0.235,1.0,0.0,1,0,2
CUST02117,Dormant Customers,92,3,2584.4,0.0,0.21333333333333335,0.0,0.0,6,2,3
CUST02118,Dormant Customers,93,7,5739.9800000000005,0.0,0.3114285714285714,0.0,0.0,5,0,4
CUST02119,Dormant Customers,44,3,2881.38,0.0,0.2733333333333333,2.0,0.5,8,0,3
CUST02120,High Value But Unhappy,41,8,4965.58,0.125,0.25375000000000003,1.0,1.0,1,0,3
CUST02121,Dormant Customers,23,1,467.21,0.0,0.33,0.0,0.0,6,0,1
CUST02122,Dormant Customers,244,1,863.7,0.0,0.14,0.0,0.0,0,0,1
CUST02123,Dormant Customers,108,1,448.88,0.0,0.17,0.0,0.0,0,1,1
CUST02124,Discount Sensitive,40,2,995.22,0.0,0.435,0.0,0.0,15,4,2
CUST02125,Discount Sensitive,140,1,321.85,0.0,0.47,1.0,1.0,13,5,1
CUST02126,Dormant Customers,206,1,698.21,0.0,0.33,0.0,0.0,1,0,1
CUST02127,Dormant Customers,210,1,1050.81,0.0,0.24,0.0,0.0,3,1,1
CUST02128,Dormant Customers,41,1,1406.44,0.0,0.11,0.0,0.0,11,0,1
CUST02129,Dormant Customers,90,1,787.79,0.0,0.18,0.0,0.0,2,0,1
CUST02130,Dormant Customers,84,3,1356.56,0.0,0.3433333333333333,2.0,1.0,4,0,2
CUST02131,Dormant Customers,93,4,2614.58,0.0,0.35,1.0,1.0,2,0,2
CUST02132,Discount Sensitive,0,1,585.94,0.0,0.53,0.0,0.0,1,0,1
CUST02133,Dormant Customers,33,4,3704.23,0.0,0.17500000000000002,1.0,1.0,11,1,3
CUST02134,Dormant Customers,192,3,2486.55,0.0,0.17333333333333334,1.0,0.0,1,0,2
CUST02135,Discount Sensitive,66,1,1006.67,0.0,0.46,1.0,0.0,2,0,1
CUST02136,Dormant Customers,84,4,3776.61,0.25,0.2575,1.0,1.0,4,0,3
CUST02137,Dormant Customers,47,3,3099.36,0.0,0.09999999999999999,2.0,1.0,5,3,3
CUST02138,Dormant Customers,194,1,472.88,0.0,0.22,1.0,1.0,2,0,1
CUST02139,Discount Sensitive,28,1,440.82,0.0,0.45,0.0,0.0,3,0,1
CUST02140,High Value But Unhappy,30,6,4288.45,0.16666666666666666,0.27,1.0,1.0,15,0,4
CUST02141,Dormant Customers,77,2,2337.84,0.0,0.22499999999999998,0.0,0.0,16,2,2
CUST02142,Discount Sensitive,79,1,1330.95,0.0,0.38,0.0,0.0,1,0,1
CUST02143,Dormant Customers,61,1,1023.26,0.0,0.2,0.0,0.0,14,2,1
CUST02144,Dormant Customers,173,2,1767.13,0.0,0.29500000000000004,0.0,0.0,0,0,2
CUST02145,Dormant Customers,111,7,4813.139999999999,0.0,0.2357142857142857,0.0,0.0,2,0,5
CUST02146,Dormant Customers,118,1,917.63,0.0,0.23,0.0,0.0,0,0,1
CUST02147,Dormant Customers,124,2,997.9000000000001,0.0,0.31,0.0,0.0,1,0,2
CUST02148,Dormant Customers,173,1,459.5,0.0,0.33,0.0,0.0,1,0,1
CUST02149,Dormant Customers,64,2,3065.5299999999997,0.0,0.245,0.0,0.0,8,1,1
CUST02150,Dormant Customers,245,4,2166.25,0.0,0.33,0.0,0.0,2,2,4
CUST02151,Dormant Customers,39,3,2519.29,0.0,0.32,1.0,1.0,9,1,3
CUST02152,Dormant Customers,109,4,2366.99,0.0,0.20500000000000002,1.0,1.0,4,0,4
CUST02153,High Value But Unhappy,78,6,6234.7,0.0,0.33166666666666667,2.0,1.0,3,0,4
CUST02154,Loyal Customers,106,16,11777.27,0.0625,0.185,3.0,1.0,10,2,5
CUST02155,Discount Sensitive,197,1,846.73,0.0,0.49,0.0,0.0,10,0,1
CUST02156,Dormant Customers,214,1,1705.47,0.0,0.19,0.0,0.0,0,2,1
CUST02157,Dormant Customers,48,1,736.31,0.0,0.35,0.0,0.0,8,1,1
CUST02158,Loyal Customers,101,8,4793.27,0.125,0.30875,1.0,1.0,3,2,5
CUST02159,Discount Sensitive,9,3,1632.0,0.0,0.4666666666666666,0.0,0.0,19,0,2
CUST02160,Dormant Customers,3,2,1098.67,0.0,0.215,2.0,0.5,2,0,1
CUST02161,Discount Sensitive,153,3,2402.2799999999997,0.0,0.36999999999999994,1.0,1.0,1,0,2
CUST02162,Loyal Customers,12,6,3338.24,0.0,0.305,0.0,0.0,12,4,3
CUST02163,Dormant Customers,123,3,2010.3600000000001,0.3333333333333333,0.33666666666666667,1.0,0.0,1,0,2
CUST02164,Dormant Customers,48,1,644.0,0.0,0.34,1.0,0.0,2,0,1
CUST02165,Dormant Customers,39,2,667.69,0.0,0.185,0.0,0.0,3,0,1
CUST02166,Dormant Customers,20,1,1010.89,0.0,0.09,1.0,0.0,1,0,1
CUST02167,Discount Sensitive,43,5,3963.67,0.0,0.384,0.0,0.0,6,0,5
CUST02168,Dormant Customers,165,3,2219.25,0.3333333333333333,0.24666666666666667,1.0,1.0,8,1,2
CUST02169,Dormant Customers,94,4,3065.81,0.0,0.1675,2.0,1.0,9,1,2
CUST02170,Loyal Customers,138,6,3749.08,0.3333333333333333,0.38833333333333336,3.0,0.6666666666666666,3,1,4
CUST02171,Dormant Customers,120,1,1067.07,0.0,0.21,0.0,0.0,1,1,1
CUST02172,Dormant Customers,17,6,3942.03,0.16666666666666666,0.30833333333333335,3.0,0.6666666666666666,4,0,5
CUST02173,Dormant Customers,0,1,2057.25,0.0,0.33,1.0,0.0,9,1,1
CUST02174,Loyal Customers,139,7,3517.69,0.0,0.3385714285714286,2.0,1.0,12,2,4
CUST02175,Loyal Customers,31,5,3584.25,0.0,0.126,0.0,0.0,6,1,3
CUST02176,Dormant Customers,114,1,971.25,0.0,0.28,0.0,0.0,8,2,1
CUST02177,Discount Sensitive,197,1,898.53,0.0,0.38,0.0,0.0,1,0,1
CUST02178,Discount Sensitive,36,4,2493.7200000000003,0.25,0.41000000000000003,1.0,1.0,9,1,3
CUST02179,Dormant Customers,14,1,475.85,0.0,0.17,1.0,0.0,9,0,1
CUST02180,Dormant Customers,122,3,2631.13,0.0,0.19333333333333336,1.0,1.0,7,1,3
CUST02181,Dormant Customers,11,1,908.67,0.0,0.08,0.0,0.0,5,0,1
CUST02182,Dormant Customers,71,2,1385.9899999999998,0.0,0.35000000000000003,1.0,1.0,5,0,2
CUST02183,Discount Sensitive,51,2,2206.5,0.0,0.36,0.0,0.0,2,1,2
CUST02184,Discount Sensitive,110,2,1434.1,0.0,0.385,1.0,1.0,2,0,2
CUST02185,Loyal Customers,210,6,2701.7200000000003,0.0,0.33499999999999996,1.0,1.0,1,1,5
CUST02186,Loyal Customers,122,5,3170.84,0.0,0.266,0.0,0.0,5,1,3
CUST02187,Dormant Customers,217,1,1006.5,0.0,0.3,0.0,0.0,1,1,1
CUST02188,Discount Sensitive,125,2,640.48,0.0,0.565,0.0,0.0,1,0,2
CUST02189,Dormant Customers,87,4,2813.7799999999997,0.0,0.2625,1.0,0.0,6,0,3
CUST02190,Dormant Customers,101,4,2228.5,0.25,0.3075,1.0,1.0,2,1,4
CUST02191,Dormant Customers,158,4,2674.4,0.0,0.225,0.0,0.0,4,0,3
CUST02192,Dormant Customers,9,1,911.64,0.0,0.0,0.0,0.0,10,2,1
CUST02193,Discount Sensitive,18,1,395.16,0.0,0.5,0.0,0.0,10,0,1
CUST02194,Dormant Customers,67,5,7337.07,0.0,0.196,0.0,0.0,11,0,4
CUST02195,Loyal Customers,119,8,4744.28,0.0,0.29875,1.0,1.0,3,1,4
CUST02196,Dormant Customers,175,1,605.92,0.0,0.21,0.0,0.0,0,0,1
CUST02197,Dormant Customers,21,1,362.15,0.0,0.09,0.0,0.0,9,0,1
CUST02198,Dormant Customers,96,3,3118.08,0.0,0.3133333333333333,0.0,0.0,3,0,3
CUST02199,Dormant Customers,96,4,2638.62,0.25,0.205,2.0,0.5,3,0,2
CUST02200,Discount Sensitive,3,3,1089.4,0.0,0.4066666666666667,0.0,0.0,5,0,3
CUST02201,Dormant Customers,129,5,4412.26,0.0,0.194,0.0,0.0,2,0,4
CUST02202,Loyal Customers,2,6,3383.51,0.0,0.27666666666666667,0.0,0.0,2,1,2
CUST02203,Dormant Customers,52,3,1505.22,0.0,0.35333333333333333,0.0,0.0,3,2,3
CUST02204,Dormant Customers,175,1,456.72,0.0,0.15,0.0,0.0,1,1,1
CUST02205,Discount Sensitive,236,2,2473.31,0.0,0.385,0.0,0.0,3,0,2
CUST02206,Dormant Customers,278,2,1232.78,0.0,0.27,1.0,0.0,0,0,2
CUST02207,High Value But Unhappy,29,9,6120.55,0.1111111111111111,0.30666666666666664,3.0,1.0,2,0,5
CUST02208,High Value But Unhappy,123,6,5051.27,0.0,0.25666666666666665,1.0,1.0,0,0,3
CUST02209,Dormant Customers,22,4,1867.09,0.0,0.27,0.0,0.0,11,0,4
CUST02210,Dormant Customers,154,2,1718.96,0.0,0.18,0.0,0.0,1,0,2
CUST02211,Loyal Customers,5,5,3668.86,0.0,0.41200000000000003,1.0,1.0,6,2,4
CUST02212,Dormant Customers,52,1,619.75,0.0,0.32,0.0,0.0,2,0,1
CUST02213,Dormant Customers,43,3,1948.1499999999999,0.3333333333333333,0.26666666666666666,2.0,1.0,2,1,3
CUST02214,Loyal Customers,213,6,5751.179999999999,0.3333333333333333,0.23500000000000001,3.0,1.0,3,1,3
CUST02215,Dormant Customers,38,1,362.55,0.0,0.2,1.0,0.0,9,0,1
CUST02216,Dormant Customers,90,3,2218.09,0.3333333333333333,0.3466666666666667,2.0,1.0,4,1,2
CUST02217,Dormant Customers,42,1,586.15,0.0,0.04,0.0,0.0,12,2,1
CUST02218,Loyal Customers,26,5,3903.06,0.2,0.258,1.0,1.0,2,2,3
CUST02219,Dormant Customers,39,1,484.4,0.0,0.11,0.0,0.0,4,1,1
CUST02220,Dormant Customers,70,1,366.62,0.0,0.23,0.0,0.0,7,0,1
CUST02221,Dormant Customers,34,1,682.97,0.0,0.33,0.0,0.0,1,1,1
CUST02222,Dormant Customers,92,1,836.55,1.0,0.06,1.0,0.0,7,0,1
CUST02223,Dormant Customers,10,1,764.96,0.0,0.02,0.0,0.0,19,1,1
CUST02224,Dormant Customers,197,3,1603.7,0.0,0.27,1.0,1.0,0,3,2
CUST02225,Discount Sensitive,251,6,2353.84,0.3333333333333333,0.41,2.0,0.5,3,0,3
CUST02226,High Value But Unhappy,49,10,7516.83,0.1,0.322,3.0,1.0,5,0,5
CUST02227,Discount Sensitive,28,4,2320.84,0.0,0.41250000000000003,1.0,1.0,4,0,3
CUST02228,Dormant Customers,87,3,2870.67,0.6666666666666666,0.3466666666666667,2.0,0.0,4,0,2
CUST02229,Dormant Customers,75,4,3538.13,0.0,0.225,1.0,1.0,9,1,3
CUST02230,Dormant Customers,24,1,388.37,0.0,0.14,0.0,0.0,1,0,1
CUST02231,Discount Sensitive,68,3,1511.08,0.0,0.36999999999999994,0.0,0.0,10,0,3
CUST02232,Dormant Customers,0,1,327.98,0.0,0.22,0.0,0.0,5,0,1
CUST02233,Dormant Customers,94,1,515.82,0.0,0.3,0.0,0.0,4,0,1
CUST02234,Dormant Customers,169,1,880.11,0.0,0.15,1.0,0.0,5,0,1
CUST02235,Discount Sensitive,52,1,221.66,0.0,0.36,0.0,0.0,1,0,1
CUST02236,Dormant Customers,145,2,1413.8899999999999,0.0,0.20500000000000002,0.0,0.0,1,0,1
CUST02237,Loyal Customers,38,6,3565.76,0.16666666666666666,0.26833333333333337,1.0,1.0,10,2,5
CUST02238,High Value But Unhappy,57,10,6304.62,0.2,0.278,3.0,1.0,2,0,4
CUST02239,Dormant Customers,45,1,576.85,0.0,0.27,0.0,0.0,5,0,1
CUST02240,Dormant Customers,19,1,2577.76,0.0,0.09,0.0,0.0,6,0,1
CUST02241,Dormant Customers,114,4,3532.06,0.0,0.1475,0.0,0.0,0,0,3
CUST02242,Dormant Customers,130,3,2407.42,0.3333333333333333,0.25,1.0,1.0,1,0,3
CUST02243,Dormant Customers,133,4,2923.57,0.25,0.1975,1.0,1.0,7,0,2
CUST02244,Dormant Customers,5,4,2406.37,0.0,0.255,0.0,0.0,5,1,3
CUST02245,Loyal Customers,83,8,4970.59,0.125,0.255,2.0,0.5,7,1,4
CUST02246,Dormant Customers,153,3,2005.87,0.0,0.30666666666666664,1.0,1.0,6,1,3
CUST02247,Dormant Customers,55,1,533.22,0.0,0.3,0.0,0.0,0,0,1
CUST02248,Dormant Customers,93,1,1245.24,0.0,0.2,0.0,0.0,2,0,1
CUST02249,Discount Sensitive,75,3,1584.17,0.0,0.36000000000000004,1.0,1.0,10,0,2
CUST02250,Dormant Customers,15,6,3309.5,0.3333333333333333,0.2783333333333333,3.0,1.0,10,0,3
CUST02251,Dormant Customers,182,2,1716.8,0.0,0.235,0.0,0.0,8,1,2
CUST02252,Dormant Customers,62,4,2123.62,0.0,0.305,2.0,1.0,1,0,2
CUST02253,High Value But Unhappy,67,7,5056.679999999999,0.0,0.24857142857142858,2.0,1.0,9,0,4
CUST02254,Dormant Customers,91,1,321.87,0.0,0.35,1.0,1.0,4,0,1
CUST02255,Dormant Customers,15,1,485.28,0.0,0.35,0.0,0.0,11,0,1
CUST02256,Dormant Customers,42,4,2003.71,0.0,0.3275,1.0,1.0,12,1,2
CUST02257,High Value But Unhappy,60,5,4038.65,0.0,0.258,3.0,0.6666666666666666,3,0,4
CUST02258,Dormant Customers,198,4,2233.67,0.0,0.2475,1.0,0.0,8,1,2
CUST02259,Dormant Customers,42,2,917.25,0.0,0.3,0.0,0.0,17,1,2
CUST02260,Dormant Customers,69,3,3309.0299999999997,0.0,0.24666666666666667,1.0,1.0,7,1,3
CUST02261,Discount Sensitive,55,4,3277.19,0.0,0.41750000000000004,2.0,0.5,4,1,3
CUST02262,Dormant Customers,97,3,2320.9,0.0,0.2966666666666667,1.0,1.0,0,0,2
CUST02263,Dormant Customers,118,1,385.7,0.0,0.0,0.0,0.0,8,0,1
CUST02264,Dormant Customers,45,3,2217.6800000000003,0.3333333333333333,0.18000000000000002,1.0,1.0,3,0,3
CUST02265,Discount Sensitive,31,1,280.88,0.0,0.54,0.0,0.0,3,0,1
CUST02266,Dormant Customers,20,1,563.66,0.0,0.22,0.0,0.0,2,3,1
CUST02267,Dormant Customers,207,2,2539.23,0.5,0.07,2.0,1.0,5,1,1
CUST02268,Dormant Customers,167,2,1421.47,0.0,0.21500000000000002,0.0,0.0,2,0,2
CUST02269,Dormant Customers,7,4,3854.66,0.25,0.3375,1.0,0.0,8,0,3
CUST02270,Loyal Customers,91,6,4121.46,0.0,0.22833333333333336,1.0,1.0,14,1,3
CUST02271,Dormant Customers,119,2,1585.3500000000001,0.0,0.24000000000000002,1.0,1.0,4,2,2
CUST02272,Loyal Customers,59,11,8117.28,0.18181818181818182,0.3245454545454546,4.0,1.0,13,2,6
CUST02273,Discount Sensitive,163,2,1263.48,0.0,0.37,0.0,0.0,8,1,2
CUST02274,Dormant Customers,70,2,897.32,0.0,0.35,1.0,0.0,7,1,2
CUST02275,Dormant Customers,21,4,1569.5,0.0,0.265,0.0,0.0,5,0,3
CUST02276,Discount Sensitive,265,2,2509.86,0.0,0.4,2.0,0.5,1,0,2
CUST02277,Dormant Customers,218,2,3384.3,0.0,0.115,0.0,0.0,4,0,2
CUST02278,Dormant Customers,116,2,937.17,0.0,0.31,1.0,1.0,0,0,2
CUST02279,Dormant Customers,21,3,2624.92,0.0,0.06333333333333334,0.0,0.0,0,0,2
CUST02280,Discount Sensitive,145,1,1244.85,0.0,0.43,0.0,0.0,8,1,1
CUST02281,Dormant Customers,120,2,1698.6799999999998,0.0,0.24,0.0,0.0,8,0,1
CUST02282,Dormant Customers,7,1,300.59,0.0,0.29,1.0,1.0,1,0,1
CUST02283,Dormant Customers,132,4,1771.46,0.0,0.2425,0.0,0.0,1,0,2
CUST02284,Loyal Customers,35,5,3144.28,0.2,0.248,1.0,1.0,11,2,3
CUST02285,Dormant Customers,19,1,903.8,0.0,0.27,1.0,1.0,0,1,1
CUST02286,Dormant Customers,242,2,2310.76,0.0,0.11,0.0,0.0,2,1,2
CUST02287,Loyal Customers,100,7,7044.49,0.14285714285714285,0.24,1.0,1.0,0,1,3
CUST02288,High Value But Unhappy,58,5,4722.57,0.2,0.27999999999999997,1.0,1.0,1,0,4
CUST02289,Dormant Customers,93,4,4308.88,0.0,0.3,1.0,0.0,6,0,3
CUST02290,High Value But Unhappy,76,5,5620.530000000001,0.2,0.28200000000000003,2.0,1.0,6,0,3
CUST02291,Dormant Customers,214,6,3936.09,0.0,0.3116666666666667,0.0,0.0,3,0,4
CUST02292,Dormant Customers,4,4,2077.06,0.25,0.2825,1.0,1.0,2,0,3
CUST02293,At-Risk High Value,287,4,4413.400000000001,0.0,0.1925,0.0,0.0,4,0,3
CUST02294,Dormant Customers,19,2,785.8399999999999,0.5,0.33999999999999997,1.0,1.0,1,1,2
CUST02295,Dormant Customers,24,2,958.6199999999999,0.0,0.35,1.0,0.0,3,0,2
CUST02296,Loyal Customers,73,5,2333.01,0.0,0.32,2.0,1.0,11,1,2
CUST02297,Dormant Customers,27,1,389.45,0.0,0.19,0.0,0.0,3,2,1
CUST02298,Dormant Customers,100,6,4073.9900000000002,0.0,0.35000000000000003,1.0,0.0,13,0,3
CUST02299,Dormant Customers,101,1,1062.37,0.0,0.16,0.0,0.0,7,1,1
CUST02300,Dormant Customers,104,3,3051.79,0.0,0.14333333333333334,0.0,0.0,1,1,2
CUST02301,Dormant Customers,126,3,1446.59,0.0,0.2733333333333334,0.0,0.0,7,0,2
CUST02302,Dormant Customers,79,3,1243.3400000000001,0.0,0.30333333333333334,1.0,1.0,8,0,3
CUST02303,Dormant Customers,24,1,590.19,1.0,0.01,1.0,1.0,12,0,1
CUST02304,Loyal Customers,36,6,2964.84,0.0,0.315,0.0,0.0,6,2,4
CUST02305,Dormant Customers,40,7,5250.78,0.0,0.28285714285714286,0.0,0.0,12,0,6
CUST02306,Dormant Customers,74,2,2087.3199999999997,0.0,0.155,1.0,0.0,5,0,2
CUST02307,Dormant Customers,24,2,1057.9,0.0,0.185,0.0,0.0,4,0,2
CUST02308,Discount Sensitive,116,3,2021.26,0.0,0.37333333333333335,0.0,0.0,0,0,2
CUST02309,Dormant Customers,562,1,359.12,0.0,0.22,0.0,0.0,1,1,1
CUST02310,Loyal Customers,25,5,3787.63,0.0,0.236,2.0,1.0,8,2,3
CUST02311,Loyal Customers,200,6,2984.76,0.0,0.38166666666666665,1.0,1.0,3,2,3
CUST02312,Loyal Customers,205,7,4727.71,0.0,0.29857142857142854,3.0,1.0,3,2,3
CUST02313,Discount Sensitive,171,1,583.08,0.0,0.36,0.0,0.0,3,0,1
CUST02314,Dormant Customers,0,1,443.94,0.0,0.35,0.0,0.0,16,1,1
CUST02315,High Value But Unhappy,39,8,5134.64,0.0,0.2725,3.0,1.0,12,0,4
CUST02316,Discount Sensitive,17,1,552.35,0.0,0.44,0.0,0.0,7,0,1
CUST02317,Champions,1,7,6148.13,0.0,0.24,2.0,1.0,9,1,5
CUST02318,Dormant Customers,85,1,514.56,0.0,0.3,0.0,0.0,3,1,1
CUST02319,Discount Sensitive,36,1,1156.63,0.0,0.4,0.0,0.0,6,1,1
CUST02320,Dormant Customers,97,2,519.24,0.0,0.345,0.0,0.0,3,2,2
CUST02321,Loyal Customers,172,6,4633.05,0.0,0.33166666666666667,1.0,1.0,3,2,4
CUST02322,Dormant Customers,38,4,3153.22,0.0,0.29,0.0,0.0,6,2,3
CUST02323,Dormant Customers,84,2,3391.66,0.5,0.19,1.0,1.0,4,0,1
CUST02324,Dormant Customers,178,3,2455.75,0.0,0.28,1.0,0.0,2,0,3
CUST02325,Dormant Customers,14,5,2255.7400000000002,0.2,0.354,1.0,1.0,12,0,4
CUST02326,Dormant Customers,14,1,831.86,0.0,0.2,0.0,0.0,4,3,1
CUST02327,Dormant Customers,160,3,1354.68,0.0,0.2733333333333334,1.0,1.0,9,1,3
CUST02328,Dormant Customers,13,1,639.75,0.0,0.34,0.0,0.0,1,0,1
CUST02329,Loyal Customers,90,5,4216.7699999999995,0.0,0.11200000000000002,1.0,0.0,7,3,3
CUST02330,High Value But Unhappy,75,6,6079.95,0.16666666666666666,0.25166666666666665,4.0,1.0,4,0,4
CUST02331,High Value But Unhappy,11,8,8892.78,0.125,0.27125,1.0,1.0,7,0,4
CUST02332,High Value But Unhappy,17,4,4620.94,0.25,0.2375,1.0,1.0,4,0,4
CUST02333,Dormant Customers,0,1,648.38,0.0,0.29,0.0,0.0,3,3,1
CUST02334,Dormant Customers,13,1,1812.0,0.0,0.19,0.0,0.0,11,0,1
CUST02335,Dormant Customers,40,4,2535.74,0.0,0.1875,0.0,0.0,7,1,3
CUST02336,Dormant Customers,78,2,777.1700000000001,0.0,0.225,0.0,0.0,13,2,2
CUST02337,Dormant Customers,13,1,1911.28,0.0,0.19,0.0,0.0,21,2,1
CUST02338,Discount Sensitive,31,2,1594.4499999999998,0.0,0.375,1.0,1.0,16,2,1
CUST02339,Loyal Customers,31,5,3093.07,0.2,0.21000000000000002,2.0,1.0,8,2,3
CUST02340,High Value But Unhappy,28,7,6261.87,0.0,0.24714285714285714,3.0,1.0,8,0,5
CUST02341,Dormant Customers,31,1,490.32,0.0,0.13,0.0,0.0,2,0,1
CUST02342,Dormant Customers,57,2,1718.3899999999999,0.0,0.24,1.0,1.0,5,0,2
CUST02343,Dormant Customers,24,1,1077.84,0.0,0.13,0.0,0.0,7,2,1
CUST02344,Dormant Customers,19,1,536.58,0.0,0.33,0.0,0.0,2,2,1
CUST02345,Dormant Customers,33,5,3378.75,0.0,0.22200000000000003,0.0,0.0,1,0,3
CUST02346,Dormant Customers,16,3,1415.13,0.0,0.3333333333333333,2.0,1.0,6,0,2
CUST02347,Dormant Customers,92,1,1102.94,0.0,0.28,0.0,0.0,3,2,1
CUST02348,Dormant Customers,115,4,4886.8,0.0,0.2825,0.0,0.0,6,1,3
CUST02349,Dormant Customers,54,3,1811.6,0.0,0.22,0.0,0.0,9,1,2
CUST02350,Dormant Customers,132,3,3619.51,0.0,0.2966666666666667,0.0,0.0,1,1,3
CUST02351,Dormant Customers,239,1,1592.34,0.0,0.26,0.0,0.0,1,0,1
CUST02352,Dormant Customers,8,4,2251.45,0.0,0.255,0.0,0.0,3,0,3
CUST02353,Loyal Customers,150,5,3152.52,0.0,0.368,1.0,0.0,6,1,2
CUST02354,Dormant Customers,19,1,666.97,0.0,0.35,0.0,0.0,0,0,1
CUST02355,Discount Sensitive,9,7,3620.0899999999997,0.0,0.3628571428571429,3.0,0.6666666666666666,0,0,3
CUST02356,Dormant Customers,34,2,1160.46,0.0,0.225,0.0,0.0,13,1,1
CUST02357,Loyal Customers,30,8,7592.09,0.0,0.195,2.0,1.0,5,1,4
CUST02358,Dormant Customers,72,3,2849.58,0.0,0.2733333333333334,3.0,1.0,1,1,3
CUST02359,Dormant Customers,28,4,2631.74,0.0,0.24250000000000002,0.0,0.0,17,0,3
CUST02360,Discount Sensitive,39,2,830.9399999999999,0.0,0.365,0.0,0.0,5,1,2
CUST02361,Dormant Customers,43,1,430.86,0.0,0.28,0.0,0.0,2,0,1
CUST02362,Discount Sensitive,20,2,2072.46,0.0,0.36,0.0,0.0,4,1,2
CUST02363,Dormant Customers,20,2,2190.38,0.5,0.18,1.0,1.0,5,0,2
CUST02364,Dormant Customers,153,2,1091.09,0.0,0.325,1.0,1.0,1,0,2
CUST02365,Loyal Customers,9,5,4018.01,0.0,0.33399999999999996,0.0,0.0,17,1,3
CUST02366,Dormant Customers,219,5,2837.05,0.0,0.32199999999999995,0.0,0.0,4,0,4
CUST02367,Dormant Customers,70,4,2571.52,0.0,0.2925,1.0,0.0,5,4,4
CUST02368,High Value But Unhappy,157,4,4203.85,0.25,0.3325,3.0,1.0,2,0,2
CUST02369,Dormant Customers,22,1,377.41,0.0,0.17,0.0,0.0,14,2,1
CUST02370,Dormant Customers,21,3,1826.48,0.0,0.20666666666666667,1.0,1.0,4,0,2
CUST02371,Dormant Customers,44,4,2578.0099999999998,0.0,0.3175,2.0,1.0,4,0,4
CUST02372,Dormant Customers,23,5,2903.5299999999997,0.0,0.242,1.0,1.0,15,0,4
CUST02373,Dormant Customers,7,3,2811.29,0.0,0.35666666666666663,1.0,1.0,2,0,2
CUST02374,Discount Sensitive,80,1,158.59,0.0,0.43,0.0,0.0,2,2,1
CUST02375,Dormant Customers,81,1,530.02,0.0,0.28,0.0,0.0,2,1,1
CUST02376,Dormant Customers,4,3,2320.3599999999997,0.0,0.24666666666666667,0.0,0.0,1,0,3
CUST02377,Discount Sensitive,32,2,1996.9699999999998,0.0,0.445,0.0,0.0,9,3,1
CUST02378,Dormant Customers,2,2,1141.79,0.0,0.315,0.0,0.0,13,0,2
CUST02379,Dormant Customers,112,1,588.32,0.0,0.35,0.0,0.0,11,0,1
CUST02380,Discount Sensitive,136,1,331.92,0.0,0.51,0.0,0.0,0,0,1
CUST02381,Discount Sensitive,4,1,798.67,0.0,0.4,1.0,0.0,8,0,1
CUST02382,Loyal Customers,89,7,6958.09,0.14285714285714285,0.23,1.0,1.0,4,2,5
CUST02383,Dormant Customers,108,4,1842.06,0.0,0.265,2.0,1.0,7,3,4
CUST02384,Dormant Customers,68,3,2259.81,0.3333333333333333,0.30666666666666664,1.0,1.0,7,0,2
CUST02385,Dormant Customers,27,1,873.79,0.0,0.32,0.0,0.0,1,2,1
CUST02386,Dormant Customers,0,2,1758.17,0.0,0.145,0.0,0.0,7,1,2
CUST02387,Dormant Customers,97,1,324.03,0.0,0.28,1.0,1.0,9,2,1
CUST02388,Dormant Customers,49,1,2614.56,0.0,0.35,0.0,0.0,5,0,1
CUST02389,Dormant Customers,125,4,1987.76,0.25,0.23,2.0,1.0,1,0,3
CUST02390,Dormant Customers,282,3,2336.76,0.0,0.33666666666666667,0.0,0.0,2,0,2
CUST02391,Dormant Customers,52,1,767.26,0.0,0.32,1.0,1.0,1,0,1
CUST02392,Discount Sensitive,96,3,1858.71,0.0,0.36000000000000004,0.0,0.0,2,1,2
CUST02393,High Value But Unhappy,122,6,5816.6900000000005,0.16666666666666666,0.22166666666666668,2.0,0.5,0,0,4
CUST02394,Loyal Customers,38,5,4632.17,0.0,0.182,2.0,1.0,5,4,5
CUST02395,Dormant Customers,364,4,1428.0,0.5,0.3,4.0,1.0,1,0,2
CUST02396,Dormant Customers,114,1,553.88,0.0,0.23,1.0,1.0,1,0,1
CUST02397,Dormant Customers,58,1,451.68,0.0,0.34,0.0,0.0,12,1,1
CUST02398,High Value But Unhappy,49,7,4117.02,0.14285714285714285,0.31285714285714283,2.0,1.0,4,0,3
CUST02399,Discount Sensitive,276,4,2579.22,0.0,0.36,0.0,0.0,1,1,3
CUST02400,Dormant Customers,110,2,1017.49,0.0,0.25,0.0,0.0,1,0,2
